1544842800000,84.19000000,90.27000000,83.61000000,83.61000000,1.15393000,1544846399999,96.66298070,3,0.15023000,12.74362370,0
1544846400000,84.02000000,84.04000000,83.45000000,83.91000000,35.13975000,1544849999999,2937.45052330,10,9.50843000,798.17995570,0
1544850000000,83.91000000,83.99000000,83.32000000,83.99000000,5.88868000,1544853599999,491.52766620,8,1.07875000,90.51712500,0
1544853600000,84.06000000,84.06000000,83.51000000,83.51000000,2.12525000,1544857199999,178.44376500,6,1.76300000,148.19226750,0
1544857200000,83.35000000,83.54000000,82.00000000,83.51000000,26.22277000,1544860799999,2186.60928880,14,21.72276000,1810.93364310,0
1544860800000,83.49000000,83.59000000,83.20000000,83.59000000,63.45266000,1544864399999,5281.88366200,7,0.06300000,5.26380750,0
1544864400000,83.44000000,83.44000000,82.15000000,82.75000000,10.20358000,1544867999999,844.61210710,17,8.64875000,716.51287130,0
1544868000000,82.80000000,82.80000000,81.61000000,82.50000000,6.41711000,1544871599999,526.52514240,56,5.55891000,456.36590990,0
1544871600000,82.51000000,83.15000000,81.61000000,83.09000000,3.32910000,1544875199999,273.25905890,35,1.13753000,94.35757040,0
1544875200000,83.10000000,83.10000000,81.77000000,82.65000000,3.31166000,1544878799999,273.83174200,39,0.56700000,47.02320000,0
1544878800000,82.61000000,83.31000000,81.74000000,82.89000000,126.74499000,1544882399999,10401.80516750,31,4.46500000,369.13707500,0
1544882400000,82.56000000,83.05000000,82.00000000,82.97000000,281.12527000,1544885999999,23083.25254440,33,6.88857000,567.90821310,0
1544886000000,82.95000000,83.84000000,81.19000000,81.73000000,43.71440000,1544889599999,3550.98897270,42,2.50400000,204.47102750,0
1544889600000,81.70000000,82.35000000,81.56000000,82.17000000,4.64634000,1544893199999,379.40870570,17,2.41684000,197.55715570,0
1544893200000,82.37000000,83.33000000,82.23000000,82.51000000,0.63000000,1544896799999,51.97673250,40,0.63000000,51.97673250,0
1544896800000,82.33000000,82.76000000,81.79000000,82.36000000,2.57710000,1544900399999,211.91384520,25,1.00269000,82.50543000,0
1544900400000,82.44000000,82.77000000,81.86000000,82.53000000,31.09594000,1544903999999,2563.44797680,33,30.84929000,2543.17006950,0
1544904000000,82.48000000,83.93000000,82.38000000,83.65000000,744.78167000,1544907599999,61961.89260660,41,9.67241000,800.92145160,0
1544907600000,82.97000000,83.80000000,81.27000000,83.80000000,27.80519000,1544911199999,2307.66675140,8,5.30995000,440.56655150,0
1544911200000,83.80000000,83.80000000,83.19000000,83.19000000,37.38057000,1544914799999,3116.25614630,10,19.89561000,1655.11579590,0
1544914800000,82.64000000,83.07000000,82.52000000,82.98000000,345.26535000,1544918399999,28548.46032410,16,26.63525000,2199.27259250,0
1544918400000,82.99000000,83.86000000,82.99000000,83.67000000,10.19196000,1544921999999,846.13131690,27,0.51468000,43.01384970,0
1544922000000,83.37000000,83.84000000,83.15000000,83.29000000,30.38629000,1544925599999,2530.74233960,30,0.37800000,31.62552750,0
1544925600000,83.28000000,86.59000000,83.28000000,85.99000000,1312.80758000,1544929199999,112500.06568880,136,1259.23335000,107908.16742720,0
1544929200000,86.19000000,86.35000000,85.53000000,86.34000000,238.16689000,1544932799999,20564.61701200,16,0.13760000,11.86858690,0
1544932800000,86.25000000,86.42000000,85.51000000,85.51000000,322.61803000,1544936399999,27739.78634420,53,171.48805000,14784.32243920,0
1544936400000,85.43000000,85.98000000,85.39000000,85.70000000,117.51124000,1544939999999,10039.67328920,18,0.18426000,15.80212570,0
1544940000000,86.01000000,86.14000000,85.53000000,86.09000000,327.34102000,1544943599999,28043.78194690,36,15.30862000,1316.54453700,0
1544943600000,86.16000000,86.22000000,85.13000000,85.22000000,46.99954000,1544947199999,4029.61665900,20,19.91938000,1711.09842550,0
1544947200000,85.22000000,85.53000000,85.21000000,85.25000000,22.23943000,1544950799999,1898.49257180,10,11.90542000,1016.39035510,0
1544950800000,85.16000000,85.80000000,84.89000000,85.29000000,146.62314000,1544954399999,12469.60159080,25,0.70276000,59.86697110,0
1544954400000,85.48000000,85.72000000,85.48000000,85.69000000,340.07756000,1544957999999,29091.38034340,9,0.01535000,1.31580200,0
1544958000000,85.32000000,85.88000000,85.32000000,85.88000000,884.19858000,1544961599999,75786.80841750,11,583.29228000,50086.13268530,0
1544961600000,85.78000000,86.51000000,85.70000000,85.74000000,813.69800000,1544965199999,69840.31479770,31,18.80811000,1625.94806430,0
1544965200000,86.16000000,86.26000000,85.54000000,86.13000000,133.90793000,1544968799999,11480.42124920,22,5.13721000,442.13553370,0
1544968800000,85.69000000,85.74000000,84.74000000,85.13000000,388.43347000,1544972399999,33129.52167860,29,4.37526000,372.65025670,0
1544972400000,85.11000000,85.46000000,85.11000000,85.45000000,16.95317000,1544975999999,1446.58398820,5,2.33326000,199.38331740,0
1544976000000,85.73000000,85.99000000,85.18000000,85.98000000,5.03372000,1544979599999,430.51886300,6,2.92164000,250.61188860,0
1544979600000,85.75000000,85.75000000,84.97000000,85.10000000,60.81623000,1544983199999,5174.85393810,6,5.52748000,469.84725250,0
1544983200000,85.10000000,85.38000000,85.05000000,85.05000000,16.81625000,1544986799999,1432.16916890,5,0.00000000,0.00000000,0
1544986800000,85.32000000,86.04000000,85.32000000,85.84000000,500.02873000,1544990399999,42912.07072120,19,465.17034000,39921.61203070,0
1544990400000,85.63000000,85.68000000,85.45000000,85.56000000,33.54470000,1544993999999,2867.50717740,8,3.40396000,291.62894400,0
1544994000000,85.60000000,85.60000000,84.73000000,84.82000000,31.06518000,1544997599999,2638.53253850,14,0.74411000,63.19415520,0
1544997600000,84.27000000,84.27000000,83.81000000,84.13000000,85.90511000,1545001199999,7209.25871310,29,85.90511000,7209.25871310,0
1545001200000,84.32000000,84.32000000,83.55000000,83.79000000,50.62228000,1545004799999,4242.98261060,19,43.11278000,3613.31773550,0
1545004800000,83.79000000,84.68000000,83.79000000,84.55000000,529.92698000,1545008399999,44513.53478230,51,529.92698000,44513.53478230,0
1545008400000,84.54000000,84.54000000,83.76000000,83.95000000,88.42200000,1545011999999,7414.94732940,18,0.50237000,42.36547780,0
1545012000000,84.23000000,84.23000000,83.47000000,84.05000000,59.69241000,1545015599999,4987.28373790,16,0.15658000,13.16822220,0
1545015600000,84.15000000,84.30000000,83.81000000,84.24000000,8.02239000,1545019199999,672.70521720,21,0.28131000,23.69785890,0
1545019200000,84.23000000,84.30000000,84.18000000,84.30000000,6.22897000,1545022799999,524.81392530,13,5.70909000,481.04002930,0
1545022800000,84.33000000,84.55000000,84.25000000,84.55000000,108.16462000,1545026399999,9134.27475880,23,74.79883000,6322.90335560,0
1545026400000,84.54000000,85.15000000,84.40000000,84.40000000,10.75940000,1545029999999,910.56759690,21,8.75957000,741.78194490,0
1545030000000,84.65000000,85.65000000,84.42000000,85.36000000,55.04850000,1545033599999,4681.93321540,27,25.60040000,2179.49890100,0
1545033600000,86.11000000,86.13000000,85.29000000,85.36000000,487.62301000,1545037199999,41983.42453530,8,468.02762000,40310.97953810,0
1545037200000,85.82000000,85.82000000,85.35000000,85.35000000,92.17902000,1545040799999,7870.96617840,19,84.64803000,7227.36777300,0
1545040800000,84.92000000,85.33000000,84.81000000,84.81000000,2.58437000,1545044399999,219.70401950,5,0.16836000,14.36538680,0
1545044400000,85.08000000,85.55000000,84.75000000,85.33000000,106.47587000,1545047999999,9101.35064110,10,95.00000000,8127.18304600,0
1545048000000,85.32000000,89.86000000,85.32000000,89.36000000,369.87940000,1545051599999,32600.42512030,117,190.60522000,16685.84357720,0
1545051600000,89.81000000,90.56000000,88.29000000,89.00000000,151.63926000,1545055199999,13532.37795550,54,51.76193000,4654.85091750,0
1545055200000,89.34000000,89.69000000,88.60000000,88.60000000,238.96060000,1545058799999,21321.17958610,65,121.50573000,10860.03618270,0
1545058800000,89.17000000,89.33000000,88.59000000,89.33000000,81.35805000,1545062399999,7235.65155470,45,26.81230000,2387.48333070,0
1545062400000,89.76000000,91.33000000,89.41000000,91.09000000,529.82303000,1545065999999,47715.04585070,52,100.09715000,9036.80903830,0
1545066000000,90.46000000,91.51000000,90.46000000,91.51000000,712.60459000,1545069599999,64913.00414700,117,340.85068000,31088.01293070,0
1545069600000,90.83000000,95.83000000,90.83000000,94.89000000,1127.53162000,1545073199999,106193.34625510,177,887.17912000,83660.87995440,0
1545073200000,95.70000000,96.72000000,94.13000000,94.53000000,1772.29835000,1545076799999,170117.27268120,164,417.52216000,40150.27969330,0
1545076800000,95.32000000,96.00000000,94.55000000,95.01000000,669.65842000,1545080399999,63965.67018100,102,506.86555000,48462.66194570,0
1545080400000,94.92000000,95.30000000,92.83000000,93.50000000,1334.11093000,1545083999999,126040.18336830,305,46.48898000,4348.92885100,0
1545084000000,93.86000000,94.50000000,92.99000000,92.99000000,738.90899000,1545087599999,69201.89417750,173,649.57977000,60833.33612160,0
1545087600000,93.20000000,94.10000000,93.20000000,93.88000000,15.97466000,1545091199999,1494.15302920,22,8.91687000,832.22455000,0
1545091200000,93.88000000,95.25000000,93.63000000,93.63000000,43.13135000,1545094799999,4084.03140080,34,19.11413000,1815.41810030,0
1545094800000,93.34000000,93.52000000,92.98000000,93.30000000,444.87195000,1545098399999,41484.23437740,113,21.56637000,2015.99654850,0
1545098400000,93.36000000,94.03000000,93.14000000,93.35000000,389.57238000,1545101999999,36402.66805390,70,100.08736000,9374.38965720,0
1545102000000,93.31000000,94.86000000,93.31000000,94.60000000,259.02178000,1545105599999,24287.94367490,55,200.99504000,18802.25721450,0
1545105600000,94.61000000,94.61000000,93.73000000,93.84000000,132.65750000,1545109199999,12509.27267640,34,71.94401000,6790.33727820,0
1545109200000,93.62000000,93.62000000,92.12000000,92.31000000,407.65837000,1545112799999,37945.89055240,77,274.12842000,25536.65545290,0
1545112800000,92.31000000,92.95000000,92.31000000,92.81000000,196.97579000,1545116399999,18265.27719580,39,98.17050000,9114.17236690,0
1545116400000,92.98000000,93.64000000,92.98000000,93.64000000,114.77462000,1545119999999,10711.34682600,37,105.88499000,9884.06594500,0
1545120000000,92.87000000,93.09000000,91.61000000,91.84000000,515.13372000,1545123599999,47417.40969090,160,393.41918000,36180.97756580,0
1545123600000,91.73000000,92.40000000,91.50000000,91.61000000,481.65926000,1545127199999,44445.28063730,113,51.18978000,4709.07635920,0
1545127200000,91.72000000,92.44000000,91.33000000,92.38000000,42.24990000,1545130799999,3878.19063550,18,28.41664000,2611.66754090,0
1545130800000,92.25000000,93.40000000,91.50000000,93.40000000,400.96114000,1545134399999,37105.59661450,82,264.71307000,24603.23735660,0
1545134400000,92.82000000,93.28000000,92.25000000,92.99000000,118.73068000,1545137999999,11034.70343060,41,112.66883000,10474.78528150,0
1545138000000,92.79000000,95.00000000,92.60000000,94.27000000,1933.74388000,1545141599999,182160.17182480,230,698.28117000,65498.59505160,0
1545141600000,94.27000000,95.93000000,93.94000000,95.09000000,1918.68589000,1545145199999,182490.44125410,140,1804.14274000,171594.48352780,0
1545145200000,95.40000000,95.67000000,93.81000000,93.95000000,2433.13861000,1545148799999,231906.68796280,138,2164.58451000,206432.45424000,0
1545148800000,93.62000000,95.12000000,93.62000000,94.79000000,334.62602000,1545152399999,31658.08000120,66,237.07721000,22425.53532800,0
1545152400000,94.53000000,94.80000000,93.47000000,94.24000000,122.41036000,1545155999999,11514.37699440,54,27.18371000,2570.81837980,0
1545156000000,93.79000000,93.79000000,92.74000000,93.15000000,155.58946000,1545159599999,14472.20996300,62,103.87822000,9661.01450910,0
1545159600000,92.97000000,93.71000000,92.62000000,93.59000000,494.07197000,1545163199999,45974.02354190,90,268.86882000,25007.26045430,0
1545163200000,93.61000000,94.25000000,92.44000000,92.64000000,280.59312000,1545166799999,26257.76928270,102,114.86558000,10698.17814140,0
1545166800000,92.64000000,94.00000000,92.57000000,93.70000000,211.21004000,1545170399999,19728.32122750,72,160.94967000,15038.13750240,0
1545170400000,94.07000000,95.70000000,94.07000000,95.07000000,1174.98616000,1545173999999,111356.39571120,225,134.29711000,12760.54513090,0
1545174000000,95.07000000,101.17000000,95.07000000,100.78000000,6233.00241000,1545177599999,619834.53344530,754,3813.58582000,377529.29813350,0
1545177600000,101.20000000,101.53000000,99.51000000,101.03000000,1378.85676000,1545181199999,138408.49629790,266,850.71404000,85219.63784040,0
1545181200000,101.22000000,104.52000000,100.71000000,102.97000000,3885.41719000,1545184799999,400797.23077890,429,3249.34163000,335296.86837870,0
1545184800000,102.99000000,104.45000000,101.76000000,103.34000000,993.17165000,1545188399999,101950.29686480,233,706.39550000,72651.26339300,0
1545188400000,103.10000000,104.31000000,101.24000000,103.24000000,1392.04372000,1545191999999,143548.54447330,149,1171.43971000,120936.94191410,0
1545192000000,103.17000000,103.43000000,101.10000000,101.10000000,686.55936000,1545195599999,70691.39390470,179,627.31168000,64643.41877290,0
1545195600000,101.85000000,102.62000000,101.30000000,102.47000000,176.92675000,1545199199999,18084.25652470,69,78.18335000,7992.27023270,0
1545199200000,102.66000000,103.29000000,101.54000000,101.80000000,379.83220000,1545202799999,38980.29372330,139,198.99171000,20399.10763960,0
1545202800000,101.80000000,101.80000000,100.31000000,101.07000000,298.74361000,1545206399999,30144.32800720,51,17.47878000,1764.40183940,0
1545206400000,101.07000000,101.53000000,100.49000000,101.33000000,239.45328000,1545209999999,24197.65800390,85,64.08870000,6481.36166490,0
1545210000000,101.33000000,102.56000000,101.33000000,101.79000000,1709.62002000,1545213599999,174360.48577790,136,486.62558000,49720.76214610,0
1545213600000,101.75000000,103.66000000,101.40000000,103.57000000,390.07148000,1545217199999,40338.34435170,54,351.43290000,36370.37255000,0
1545217200000,103.36000000,104.30000000,102.70000000,103.68000000,317.13771000,1545220799999,32778.91465160,119,67.48485000,6970.01733610,0
1545220800000,103.97000000,105.20000000,102.90000000,105.20000000,533.01412000,1545224399999,55541.48605040,137,104.71570000,10866.08331770,0
1545224400000,104.46000000,107.85000000,104.46000000,105.49000000,814.35477000,1545227999999,86701.33893250,249,344.93132000,36727.73512650,0
1545228000000,105.70000000,106.01000000,103.70000000,104.08000000,4708.56990000,1545231599999,492619.29338890,1134,495.17736000,51932.36759880,0
1545231600000,103.46000000,104.70000000,101.92000000,102.60000000,4508.65486000,1545235199999,466599.67313010,507,1122.75045000,116512.04112650,0
1545235200000,102.51000000,104.70000000,102.23000000,104.39000000,1342.05419000,1545238799999,138067.29450160,236,1072.28859000,110208.12612990,0
1545238800000,104.15000000,105.57000000,103.34000000,103.82000000,4854.55176000,1545242399999,502818.90390910,331,1547.37347000,160306.91322200,0
1545242400000,103.82000000,105.52000000,102.77000000,105.26000000,2520.91294000,1545245999999,262150.25935090,425,2349.64512000,244226.00708880,0
1545246000000,104.99000000,104.99000000,103.00000000,103.10000000,501.25306000,1545249599999,52163.06520030,117,260.48098000,27198.06949280,0
1545249600000,103.14000000,103.25000000,101.04000000,102.09000000,3710.95363000,1545253199999,377794.57698150,254,757.13668000,77164.89763240,0
1545253200000,102.09000000,102.09000000,97.81000000,98.84000000,3194.87656000,1545256799999,320399.90997830,376,1888.17102000,190817.61375380,0
1545256800000,98.84000000,100.94000000,98.62000000,100.38000000,497.08112000,1545260399999,49769.56627280,96,214.28430000,21419.21090250,0
1545260400000,100.49000000,100.84000000,99.12000000,99.12000000,634.88729000,1545263999999,63805.56279050,122,255.33283000,25673.51203570,0
1545264000000,99.12000000,100.55000000,98.70000000,100.20000000,311.02405000,1545267599999,31090.56996130,105,249.22685000,24914.32818170,0
1545267600000,100.34000000,102.21000000,100.12000000,101.12000000,1268.97945000,1545271199999,128310.33124740,173,272.12882000,27519.31704330,0
1545271200000,101.17000000,101.89000000,100.56000000,100.92000000,348.14573000,1545274799999,35381.39264720,94,319.99020000,32521.36576980,0
1545274800000,100.75000000,101.15000000,100.09000000,100.40000000,374.30482000,1545278399999,37681.96552680,45,166.75999000,16770.57703740,0
1545278400000,100.25000000,101.45000000,100.13000000,101.39000000,390.39345000,1545281999999,39402.58648300,79,54.97092000,5551.44325710,0
1545282000000,101.09000000,101.23000000,99.82000000,100.08000000,106.70794000,1545285599999,10709.31433500,80,73.51167000,7374.35668950,0
1545285600000,99.82000000,100.72000000,99.61000000,100.20000000,143.10308000,1545289199999,14307.03230710,70,98.17968000,9814.51476910,0
1545289200000,100.33000000,101.11000000,99.94000000,101.11000000,68.40030000,1545292799999,6870.74336230,55,26.30362000,2638.73587280,0
1545292800000,101.27000000,108.45000000,101.27000000,107.75000000,1201.18881000,1545296399999,126969.68221030,466,944.10008000,99657.12791870,0
1545296400000,107.16000000,110.00000000,107.16000000,109.95000000,3309.80839000,1545299999999,361827.60670230,736,1339.57479000,146751.71281390,0
1545300000000,109.95000000,110.47000000,107.60000000,108.89000000,877.53206000,1545303599999,96125.26988050,268,549.62965000,60452.13867950,0
1545303600000,108.88000000,110.23000000,107.83000000,107.99000000,547.65436000,1545307199999,59595.69008920,213,342.31411000,37292.06238380,0
1545307200000,108.20000000,109.56000000,108.20000000,109.30000000,1229.92179000,1545310799999,134240.76498560,314,658.29889000,71931.58959980,0
1545310800000,109.20000000,110.14000000,106.89000000,107.78000000,8837.64821000,1545314399999,949706.88845450,886,3653.61630000,393210.51738910,0
1545314400000,107.84000000,108.56000000,107.50000000,108.42000000,5868.67202000,1545317999999,633169.86008860,523,4809.29026000,519009.54756430,0
1545318000000,108.41000000,109.72000000,107.80000000,108.75000000,1671.30083000,1545321599999,181589.60726380,489,1435.94409000,156095.15094100,0
1545321600000,108.55000000,117.96000000,108.23000000,115.29000000,8345.94633000,1545325199999,955836.04694040,1069,1986.79284000,226053.23251180,0
1545325200000,115.32000000,116.98000000,113.00000000,113.83000000,2437.55259000,1545328799999,280171.65374320,593,286.27410000,32856.21809660,0
1545328800000,113.61000000,114.68000000,112.03000000,112.88000000,724.78941000,1545332399999,82010.26227250,233,395.97807000,44699.80910630,0
1545332400000,112.22000000,113.77000000,112.00000000,112.69000000,4495.95170000,1545335999999,504140.74575580,629,4280.13959000,479861.74397040,0
1545336000000,112.78000000,113.53000000,108.67000000,108.96000000,959.29525000,1545339599999,105774.95480610,419,357.69427000,39487.47102230,0
1545339600000,108.78000000,114.00000000,108.78000000,114.00000000,1446.52392000,1545343199999,160941.91782360,419,480.55577000,53375.20574370,0
1545343200000,114.40000000,115.00000000,112.00000000,113.59000000,1461.96273000,1545346799999,167194.11789250,337,1283.25291000,146785.63038160,0
1545346800000,113.50000000,114.83000000,112.72000000,114.53000000,963.93743000,1545350399999,109155.52479650,235,733.21614000,83072.95640590,0
1545350400000,114.29000000,114.29000000,111.30000000,114.18000000,547.18262000,1545353999999,61784.76984700,226,280.08227000,31664.05148350,0
1545354000000,114.18000000,118.63000000,113.22000000,117.57000000,483.07537000,1545357599999,56250.62282860,267,272.41592000,31626.34364900,0
1545357600000,117.26000000,118.27000000,111.80000000,115.52000000,444.02612000,1545361199999,51428.87260050,215,170.39992000,19785.75255800,0
1545361200000,115.52000000,115.52000000,112.18000000,114.07000000,187.27479000,1545364799999,21263.90109080,117,82.34309000,9324.26331110,0
1545364800000,114.12000000,114.41000000,112.36000000,113.09000000,871.16728000,1545368399999,98240.62855790,339,681.75405000,76837.41602600,0
1545368400000,112.88000000,113.29000000,109.72000000,111.48000000,363.38686000,1545371999999,40597.58919850,223,215.19374000,24108.20900840,0
1545372000000,111.40000000,113.64000000,111.40000000,112.66000000,237.13170000,1545375599999,26695.65451670,170,209.00815000,23535.76368900,0
1545375600000,112.70000000,113.45000000,111.88000000,113.02000000,614.11106000,1545379199999,69181.51645420,250,106.61477000,12017.23687650,0
1545379200000,113.57000000,115.49000000,113.57000000,114.83000000,111.23201000,1545382799999,12759.71562720,76,58.19885000,6680.86069200,0
1545382800000,114.68000000,114.68000000,112.85000000,112.85000000,640.31547000,1545386399999,72631.38595450,231,518.32131000,58805.31754540,0
1545386400000,112.53000000,114.50000000,112.39000000,114.33000000,228.47411000,1545389999999,25935.28719320,122,188.39120000,21405.22109080,0
1545390000000,114.33000000,115.98000000,114.33000000,115.51000000,132.40126000,1545393599999,15256.47180770,94,86.42554000,9947.98972840,0
1545393600000,115.51000000,116.94000000,113.51000000,115.96000000,2146.37343000,1545397199999,246916.93821970,278,1415.96025000,162409.18590880,0
1545397200000,116.13000000,116.93000000,114.68000000,115.18000000,1366.19307000,1545400799999,158620.82861710,288,266.70745000,30978.51115720,0
1545400800000,115.92000000,115.92000000,113.63000000,114.70000000,485.22461000,1545404399999,55388.75297360,170,277.65121000,31634.86223750,0
1545404400000,114.60000000,115.22000000,111.41000000,111.81000000,639.53173000,1545407999999,72469.35585910,186,114.58259000,12833.19960060,0
1545408000000,111.29000000,113.00000000,110.10000000,110.10000000,270.70528000,1545411599999,30284.63571450,167,79.25017000,8886.25878200,0
1545411600000,111.00000000,111.56000000,108.05000000,109.34000000,343.15324000,1545415199999,37662.73547490,133,178.97987000,19697.65754900,0
1545415200000,108.00000000,109.50000000,107.66000000,108.85000000,224.39058000,1545418799999,24378.94583410,137,131.46130000,14294.37326980,0
1545418800000,108.99000000,110.00000000,106.57000000,106.95000000,253.49980000,1545422399999,27480.33585740,126,118.61642000,12942.30469640,0
1545422400000,107.16000000,107.82000000,105.01000000,106.06000000,434.08930000,1545425999999,46159.85216750,145,278.87751000,29737.85238610,0
1545426000000,106.16000000,108.81000000,105.51000000,108.17000000,552.87414000,1545429599999,59745.58003270,257,134.11962000,14385.37211200,0
1545429600000,108.17000000,108.66000000,107.16000000,107.39000000,29.60922000,1545433199999,3191.87003420,27,19.19337000,2071.48677320,0
1545433200000,107.19000000,109.97000000,106.98000000,107.68000000,272.12038000,1545436799999,29320.77331490,86,104.51571000,11328.22242990,0
1545436800000,107.69000000,108.74000000,107.69000000,108.10000000,150.94649000,1545440399999,16338.52085510,78,133.56341000,14459.70462200,0
1545440400000,108.10000000,108.10000000,106.68000000,107.00000000,208.87827000,1545443999999,22411.90002470,112,145.30862000,15613.44306280,0
1545444000000,107.15000000,107.31000000,106.12000000,107.31000000,249.04119000,1545447599999,26551.59808930,98,220.37719000,23502.22724890,0
1545447600000,107.25000000,107.40000000,107.01000000,107.01000000,21.14320000,1545451199999,2266.83013050,10,6.07227000,650.19741650,0
1545451200000,106.80000000,107.17000000,105.88000000,105.88000000,235.21738000,1545454799999,25045.47837520,108,116.18271000,12408.95867180,0
1545454800000,105.83000000,106.60000000,105.73000000,106.60000000,132.69317000,1545458399999,14107.85648320,48,108.34726000,11528.47054200,0
1545458400000,106.87000000,108.00000000,106.84000000,107.63000000,113.86553000,1545461999999,12259.70662700,62,43.30270000,4655.34596240,0
1545462000000,107.24000000,107.78000000,106.99000000,107.76000000,42.92473000,1545465599999,4609.88812210,50,25.16662000,2705.29182800,0
1545465600000,107.91000000,108.06000000,107.28000000,107.73000000,10.70205000,1545469199999,1155.45824120,17,2.19910000,237.53810690,0
1545469200000,107.63000000,113.64000000,107.63000000,113.64000000,186.27943000,1545472799999,20668.23087830,123,136.02599000,15075.04626060,0
1545472800000,113.20000000,113.62000000,110.03000000,111.21000000,579.07746000,1545476399999,64766.49193130,112,471.72204000,52802.14273020,0
1545476400000,111.44000000,111.66000000,110.41000000,110.98000000,46.26570000,1545479999999,5134.01589410,51,24.22540000,2688.87995510,0
1545480000000,111.26000000,111.62000000,109.50000000,109.68000000,168.90901000,1545483599999,18598.22229400,143,81.77027000,9050.69092260,0
1545483600000,109.55000000,111.68000000,109.50000000,109.92000000,399.91865000,1545487199999,43955.58492710,185,59.37633000,6582.40275400,0
1545487200000,110.06000000,110.98000000,109.15000000,110.88000000,140.25162000,1545490799999,15422.35862490,104,24.42515000,2691.05408970,0
1545490800000,110.64000000,111.87000000,110.08000000,111.15000000,33.85754000,1545494399999,3774.43319710,18,31.39764000,3501.65834050,0
1545494400000,111.01000000,112.49000000,109.22000000,111.25000000,238.40940000,1545497999999,26313.95973370,71,179.77419000,19860.18622730,0
1545498000000,111.14000000,111.25000000,109.80000000,110.45000000,81.22358000,1545501599999,8970.56883610,55,60.99897000,6737.34691630,0
1545501600000,110.74000000,112.00000000,110.40000000,111.97000000,87.26784000,1545505199999,9718.32964170,44,49.81240000,5559.78992380,0
1545505200000,111.88000000,112.90000000,111.52000000,112.41000000,221.28321000,1545508799999,24781.16660190,111,181.50364000,20321.16357710,0
1545508800000,112.41000000,114.38000000,112.41000000,113.76000000,285.64072000,1545512399999,32473.01746070,104,172.18696000,19598.14895000,0
1545512400000,113.76000000,114.91000000,113.76000000,114.08000000,158.72049000,1545515999999,18139.01648840,45,54.79905000,6281.15455760,0
1545516000000,113.76000000,113.76000000,111.25000000,112.62000000,187.69763000,1545519599999,21088.05793090,120,128.35465000,14432.93475840,0
1545519600000,112.92000000,116.92000000,112.92000000,116.92000000,816.02979000,1545523199999,93994.10118670,220,502.51278000,58012.21044090,0
1545523200000,116.14000000,123.99000000,116.14000000,123.93000000,2224.91803000,1545526799999,265652.69526840,464,2014.92241000,240698.31371600,0
1545526800000,123.52000000,125.00000000,122.02000000,122.44000000,1326.50737000,1545530399999,164178.96129980,355,917.43207000,113775.36788550,0
1545530400000,122.45000000,125.54000000,120.78000000,124.78000000,822.17565000,1545533999999,102096.97184530,275,645.15170000,80266.83272720,0
1545534000000,124.76000000,130.02000000,124.65000000,128.67000000,1194.50544000,1545537599999,152263.65602150,336,916.84837000,117003.07891420,0
1545537600000,128.64000000,131.54000000,127.11000000,127.11000000,1890.49774000,1545541199999,246532.83658920,336,1564.27159000,204408.19752930,0
1545541200000,126.80000000,129.77000000,125.17000000,128.48000000,263.27682000,1545544799999,33526.10730890,160,119.52822000,15236.57375870,0
1545544800000,129.05000000,129.73000000,127.34000000,127.46000000,433.18280000,1545548399999,55747.87106180,197,85.41971000,10937.34630250,0
1545548400000,127.85000000,128.40000000,126.22000000,127.87000000,369.73384000,1545551999999,47036.32234080,149,158.29603000,20121.12186570,0
1545552000000,128.24000000,128.90000000,126.81000000,128.81000000,290.80832000,1545555599999,37348.69235500,110,132.25430000,17000.94355320,0
1545555600000,128.15000000,132.57000000,128.15000000,129.97000000,533.31393000,1545559199999,69702.48473130,204,391.01644000,51233.66013730,0
1545559200000,129.93000000,132.80000000,128.85000000,131.70000000,502.46764000,1545562799999,65668.56801100,232,221.49880000,29036.65317520,0
1545562800000,131.70000000,132.00000000,130.07000000,130.36000000,285.96544000,1545566399999,37319.50000240,102,168.36712000,21954.32036640,0
1545566400000,130.36000000,130.87000000,127.25000000,128.93000000,438.38610000,1545569999999,56375.49881790,161,284.21799000,36520.86335630,0
1545570000000,128.96000000,130.06000000,128.25000000,129.01000000,126.73548000,1545573599999,16428.07138330,59,76.47043000,9921.50315630,0
1545573600000,128.52000000,128.52000000,126.29000000,126.29000000,223.18413000,1545577199999,28428.84053020,112,88.35895000,11262.61869790,0
1545577200000,126.22000000,126.67000000,124.01000000,125.90000000,413.56450000,1545580799999,51870.22307780,185,171.96015000,21614.61820450,0
1545580800000,126.05000000,129.06000000,125.10000000,128.27000000,237.26015000,1545584399999,30237.14972480,137,127.71862000,16390.95793570,0
1545584400000,128.04000000,128.72000000,127.34000000,128.44000000,52.08883000,1545587999999,6664.13203580,45,12.93110000,1653.13474860,0
1545588000000,128.04000000,129.59000000,127.54000000,129.02000000,145.51722000,1545591599999,18709.37643600,88,89.78548000,11544.37072760,0
1545591600000,129.23000000,129.54000000,128.12000000,128.32000000,119.17692000,1545595199999,15374.45669560,54,63.68273000,8217.26417420,0
1545595200000,128.36000000,129.00000000,127.01000000,128.98000000,168.83221000,1545598799999,21665.20961850,118,124.20675000,15964.81738250,0
1545598800000,129.32000000,131.24000000,129.04000000,130.13000000,253.21806000,1545602399999,32965.42914100,158,199.98434000,26030.00907030,0
1545602400000,129.68000000,130.55000000,128.00000000,130.55000000,222.37160000,1545605999999,28786.18223190,125,106.29798000,13754.75256640,0
1545606000000,130.40000000,130.42000000,129.14000000,129.62000000,74.11460000,1545609599999,9622.22775050,66,45.87102000,5958.24041190,0
1545609600000,129.52000000,145.88000000,129.38000000,143.61000000,4399.31513000,1545613199999,612919.70324800,878,3820.31338000,532010.42525900,0
1545613200000,143.98000000,148.57000000,142.00000000,147.54000000,718.28971000,1545616799999,103443.81303430,450,485.02253000,69666.36507700,0
1545616800000,148.29000000,149.97000000,145.64000000,148.70000000,729.64273000,1545620399999,107425.52060500,368,419.32263000,61794.15229060,0
1545620400000,148.78000000,150.80000000,147.79000000,149.74000000,1842.43509000,1545623999999,275764.92480140,458,1531.14051000,229401.75178100,0
1545624000000,149.48000000,149.79000000,147.59000000,148.56000000,236.36442000,1545627599999,35166.02514260,133,86.28355000,12809.79346910,0
1545627600000,148.74000000,151.47000000,148.06000000,148.13000000,429.34697000,1545631199999,64403.69560550,239,318.81718000,47847.17071050,0
1545631200000,148.04000000,148.60000000,144.81000000,146.83000000,760.86466000,1545634799999,111831.59995340,292,462.33449000,68130.36860080,0
1545634800000,146.61000000,147.47000000,145.55000000,146.70000000,488.25362000,1545638399999,71522.67566260,193,233.62531000,34151.48103640,0
1545638400000,146.65000000,147.97000000,145.39000000,145.55000000,621.06861000,1545641999999,91448.77689020,237,53.24170000,7858.28175280,0
1545642000000,145.59000000,147.99000000,145.10000000,146.95000000,171.96629000,1545645599999,25307.60978930,96,104.00400000,15339.59893180,0
1545645600000,146.84000000,146.87000000,141.40000000,143.18000000,589.69707000,1545649199999,84548.08273480,273,252.11397000,36193.67557340,0
1545649200000,143.61000000,144.99000000,143.15000000,144.26000000,121.11853000,1545652799999,17478.25311470,92,63.61001000,9197.79327710,0
1545652800000,144.14000000,144.97000000,143.23000000,143.99000000,135.92017000,1545656399999,19602.14407150,74,53.29793000,7698.18404770,0
1545656400000,144.27000000,148.36000000,144.17000000,147.37000000,234.39357000,1545659999999,34433.45740980,111,157.79113000,23208.38061900,0
1545660000000,147.82000000,157.64000000,146.38000000,155.96000000,1338.61911000,1545663599999,204792.62305780,320,1080.88922000,166016.56551870,0
1545663600000,155.72000000,159.22000000,145.53000000,145.53000000,872.57138000,1545667199999,133801.07395570,420,516.05722000,79533.45370750,0
1545667200000,145.50000000,152.00000000,143.00000000,145.96000000,947.46242000,1545670799999,138622.88557020,412,674.92825000,98708.62897960,0
1545670800000,147.18000000,148.65000000,146.13000000,147.29000000,197.18910000,1545674399999,28918.30614460,62,60.65714000,8949.82708890,0
1545674400000,146.82000000,146.82000000,137.00000000,139.88000000,851.28088000,1545677999999,121205.67557470,407,204.71464000,28905.48219640,0
1545678000000,139.71000000,139.71000000,131.94000000,137.49000000,1513.97754000,1545681599999,203962.28753390,447,672.75186000,90340.82844640,0
1545681600000,137.49000000,139.92000000,136.04000000,138.62000000,364.60917000,1545685199999,50150.53950060,203,136.81338000,18879.46039260,0
1545685200000,138.21000000,142.95000000,137.47000000,141.89000000,443.42918000,1545688799999,62385.74104170,239,302.76570000,42645.09748810,0
1545688800000,142.74000000,142.75000000,139.15000000,141.01000000,161.57318000,1545692399999,22757.15927900,111,65.13106000,9177.90569550,0
1545692400000,141.01000000,144.61000000,136.59000000,139.42000000,1777.84746000,1545695999999,250236.12101130,644,1431.58232000,201609.21056920,0
1545696000000,139.23000000,139.82000000,127.82000000,129.15000000,2328.27608000,1545699599999,305850.20895640,839,1170.00103000,153414.93310470,0
1545699600000,129.09000000,132.05000000,129.09000000,131.18000000,947.53663000,1545703199999,123791.36333130,369,226.39916000,29632.34852390,0
1545703200000,130.36000000,131.44000000,128.65000000,129.94000000,219.18065000,1545706799999,28547.44368500,125,89.60537000,11677.40749100,0
1545706800000,130.82000000,131.18000000,122.20000000,124.27000000,958.75342000,1545710399999,120875.36959370,318,386.23003000,48785.03078670,0
1545710400000,124.21000000,127.23000000,123.72000000,126.67000000,2275.51818000,1545713999999,283440.35231920,474,1656.85567000,205823.86062780,0
1545714000000,126.72000000,128.84000000,126.37000000,127.27000000,210.24042000,1545717599999,26794.55104740,161,122.80354000,15680.47426300,0
1545717600000,127.39000000,127.98000000,125.44000000,126.62000000,176.21088000,1545721199999,22272.59442850,118,85.60504000,10823.17258070,0
1545721200000,127.34000000,132.99000000,127.03000000,128.63000000,2120.72262000,1545724799999,272130.78600800,250,2055.44199000,263727.68825920,0
1545724800000,127.38000000,128.58000000,125.33000000,126.79000000,316.29461000,1545728399999,40179.26448030,164,220.34549000,28007.41146590,0
1545728400000,126.31000000,131.15000000,126.08000000,129.35000000,216.22217000,1545731999999,27861.36216730,124,161.83586000,20843.79668810,0
1545732000000,129.56000000,129.65000000,127.00000000,127.04000000,110.91032000,1545735599999,14237.58604380,75,55.62376000,7149.09423720,0
1545735600000,127.04000000,128.02000000,123.78000000,127.30000000,401.54465000,1545739199999,50254.87897820,214,308.87780000,38653.04439360,0
1545739200000,127.02000000,127.44000000,125.66000000,127.34000000,188.39556000,1545742799999,23859.49217170,106,23.58896000,2988.29630790,0
1545742800000,127.41000000,128.33000000,124.55000000,125.89000000,268.16619000,1545746399999,33805.00535470,190,108.98204000,13724.00974630,0
1545746400000,125.88000000,127.07000000,124.08000000,124.95000000,332.34466000,1545749999999,41602.62117780,162,119.72915000,14987.08403320,0
1545750000000,124.61000000,125.34000000,121.74000000,123.79000000,658.63037000,1545753599999,81387.77752850,284,315.99482000,39106.24177430,0
1545753600000,122.91000000,125.49000000,122.91000000,125.06000000,393.87666000,1545757199999,49072.39768810,138,194.78489000,24295.47727800,0
1545757200000,124.75000000,124.86000000,122.52000000,124.30000000,487.10889000,1545760799999,60174.96688340,156,246.99032000,30493.74536260,0
1545760800000,123.87000000,128.00000000,123.76000000,128.00000000,409.36063000,1545764399999,51555.35481000,180,215.41129000,27076.24428710,0
1545764400000,128.47000000,130.75000000,127.85000000,128.82000000,570.56073000,1545767999999,73548.13437890,199,307.03265000,39683.81067350,0
1545768000000,128.92000000,132.27000000,128.14000000,130.00000000,750.65105000,1545771599999,97999.74124350,160,502.87984000,65750.92913990,0
1545771600000,130.46000000,130.52000000,128.62000000,130.02000000,207.78080000,1545775199999,26948.25824330,80,90.87071000,11794.49162790,0
1545775200000,130.38000000,131.89000000,127.10000000,128.48000000,902.80560000,1545778799999,117557.29930460,334,639.77518000,83472.92444260,0
1545778800000,128.44000000,128.96000000,126.52000000,128.47000000,235.67801000,1545782399999,30072.47467820,105,96.77685000,12359.18217430,0
1545782400000,128.70000000,130.98000000,127.30000000,129.69000000,261.01390000,1545785999999,33620.07337810,143,170.62179000,22008.72105650,0
1545786000000,129.61000000,135.49000000,129.51000000,133.07000000,1413.50859000,1545789599999,188711.63780010,335,1145.96806000,152907.00395940,0
1545789600000,132.83000000,136.48000000,132.00000000,134.83000000,981.06933000,1545793199999,131511.81564800,322,487.25290000,65063.93310650,0
1545793200000,135.19000000,135.19000000,133.00000000,133.35000000,108.99184000,1545796799999,14572.89882380,78,58.68147000,7843.90441770,0
1545796800000,133.01000000,134.10000000,131.92000000,133.49000000,1272.48809000,1545800399999,169598.06574660,248,1157.88468000,154367.02841440,0
1545800400000,133.20000000,134.81000000,132.66000000,133.95000000,175.43877000,1545803999999,23461.84829330,122,94.04935000,12598.45948850,0
1545804000000,133.95000000,135.02000000,131.00000000,132.83000000,919.98673000,1545807599999,123194.57687930,299,87.52836000,11767.57414490,0
1545807600000,132.37000000,132.37000000,129.69000000,131.72000000,486.45086000,1545811199999,63458.55534130,158,248.43436000,32379.79039520,0
1545811200000,131.10000000,131.10000000,127.34000000,128.87000000,592.87095000,1545814799999,76377.59334660,234,375.66289000,48313.73368930,0
1545814800000,128.89000000,129.48000000,126.51000000,127.02000000,253.05099000,1545818399999,32340.54862740,120,102.42481000,13108.69963730,0
1545818400000,126.22000000,128.47000000,125.71000000,128.47000000,241.11974000,1545821999999,30537.76984210,112,117.44733000,14914.84593070,0
1545822000000,128.14000000,128.44000000,126.49000000,126.95000000,257.51610000,1545825599999,32916.75313900,113,38.34250000,4907.26979690,0
1545825600000,127.49000000,129.80000000,126.99000000,128.47000000,291.06767000,1545829199999,37571.03694490,96,119.29471000,15309.34395990,0
1545829200000,128.68000000,130.54000000,128.12000000,129.00000000,92.08826000,1545832799999,11930.83190480,65,66.50853000,8629.22274740,0
1545832800000,128.80000000,129.18000000,123.50000000,123.63000000,306.67310000,1545836399999,38443.01198720,220,152.56225000,19108.50021000,0
1545836400000,124.23000000,125.87000000,124.22000000,125.19000000,206.45041000,1545839999999,25823.62212930,129,136.81597000,17106.63698520,0
1545840000000,125.00000000,127.36000000,123.77000000,126.51000000,344.87086000,1545843599999,43162.60043570,137,169.78538000,21195.51134570,0
1545843600000,125.78000000,126.94000000,125.13000000,126.60000000,85.49756000,1545847199999,10758.38448880,111,48.19640000,6071.99621900,0
1545847200000,126.94000000,126.94000000,125.50000000,126.13000000,77.96635000,1545850799999,9826.02975150,62,32.89794000,4152.33025540,0
1545850800000,126.44000000,130.09000000,126.44000000,128.92000000,813.87018000,1545854399999,105032.92262320,254,150.88178000,19382.08858660,0
1545854400000,129.49000000,130.24000000,128.02000000,128.26000000,269.93888000,1545857999999,34822.13372260,177,101.02597000,13076.40918580,0
1545858000000,128.06000000,128.60000000,126.71000000,128.60000000,191.92339000,1545861599999,24519.22275190,132,51.39066000,6573.13629870,0
1545861600000,128.93000000,133.00000000,128.93000000,130.60000000,797.25291000,1545865199999,104514.11564170,182,559.74592000,73545.17648990,0
1545865200000,130.67000000,131.72000000,129.44000000,130.30000000,199.31832000,1545868799999,26062.96931790,139,77.05631000,10088.45548670,0
1545868800000,130.21000000,131.27000000,128.47000000,130.90000000,74.65334000,1545872399999,9706.14627330,80,45.74004000,5965.47362760,0
1545872400000,131.28000000,131.70000000,127.40000000,127.70000000,134.56271000,1545875999999,17227.87281540,104,17.40207000,2234.95981550,0
1545876000000,127.39000000,128.32000000,126.10000000,128.08000000,211.27950000,1545879599999,26823.17129730,103,124.29531000,15792.93019030,0
1545879600000,127.90000000,128.04000000,126.00000000,126.00000000,238.35184000,1545883199999,30278.46554680,114,155.23968000,19719.81895600,0
1545883200000,126.36000000,127.32000000,126.35000000,126.41000000,183.33773000,1545886799999,23212.56313740,64,114.44082000,14489.72391090,0
1545886800000,126.36000000,126.40000000,121.20000000,122.56000000,517.89293000,1545890399999,63836.19727180,210,134.29982000,16548.79270960,0
1545890400000,123.08000000,123.88000000,122.57000000,123.50000000,137.55129000,1545893999999,16963.70322160,67,105.58414000,13029.67223780,0
1545894000000,123.52000000,124.56000000,123.05000000,123.52000000,126.42658000,1545897599999,15625.13419550,51,66.09225000,8187.44575870,0
1545897600000,123.97000000,124.82000000,123.00000000,123.00000000,87.66421000,1545901199999,10875.06930470,65,61.76163000,7680.93566870,0
1545901200000,123.35000000,124.30000000,123.29000000,123.85000000,66.25220000,1545904799999,8192.63666620,28,53.74510000,6648.93930820,0
1545904800000,124.20000000,125.87000000,123.86000000,123.86000000,69.60657000,1545908399999,8677.63027640,63,28.87581000,3603.28807640,0
1545908400000,123.82000000,124.65000000,123.00000000,124.39000000,42.86388000,1545911999999,5304.29110660,45,28.41026000,3518.78174460,0
1545912000000,124.39000000,124.65000000,123.47000000,123.64000000,133.50073000,1545915599999,16581.48237190,58,87.44901000,10877.97948690,0
1545915600000,123.65000000,125.38000000,123.65000000,124.64000000,14.16873000,1545919199999,1766.47654910,28,12.20897000,1522.64284190,0
1545919200000,124.65000000,124.65000000,123.76000000,124.30000000,35.38581000,1545922799999,4386.30829530,36,13.49405000,1671.35441450,0
1545922800000,124.14000000,124.15000000,122.61000000,123.02000000,166.38166000,1545926399999,20524.76946700,68,46.10281000,5673.82119750,0
1545926400000,123.02000000,124.36000000,123.02000000,123.30000000,136.49399000,1545929999999,16880.64131050,71,101.99891000,12603.00531470,0
1545930000000,123.17000000,123.56000000,122.45000000,122.73000000,156.68760000,1545933599999,19245.13979390,81,60.50750000,7440.33937190,0
1545933600000,122.82000000,122.82000000,120.89000000,121.09000000,291.07634000,1545937199999,35407.59809860,125,167.27134000,20320.99804210,0
1545937200000,120.75000000,120.75000000,114.05000000,115.56000000,2487.18353000,1545940799999,288571.84923270,577,403.36022000,46653.04039060,0
1545940800000,115.14000000,115.86000000,113.36000000,113.99000000,861.30099000,1545944399999,98737.89438730,300,271.96311000,31221.24793500,0
1545944400000,114.45000000,116.75000000,114.45000000,115.60000000,1109.22167000,1545947999999,128191.60564370,322,186.86120000,21627.59880530,0
1545948000000,115.34000000,116.14000000,114.14000000,114.36000000,117.49039000,1545951599999,13517.36136360,66,43.46989000,4989.10657690,0
1545951600000,114.23000000,114.88000000,112.35000000,114.19000000,608.82002000,1545955199999,69175.00069840,241,157.23703000,17864.65332540,0
1545955200000,114.64000000,115.53000000,113.87000000,114.45000000,323.17708000,1545958799999,37089.10450530,114,110.29099000,12717.73744960,0
1545958800000,114.34000000,114.83000000,113.25000000,113.25000000,270.36211000,1545962399999,30781.72937620,88,30.11702000,3447.77046730,0
1545962400000,113.54000000,114.57000000,113.54000000,114.57000000,107.48832000,1545965999999,12282.91306120,75,56.63547000,6480.89950730,0
1545966000000,114.50000000,115.19000000,113.89000000,114.35000000,163.39917000,1545969599999,18731.24635720,90,147.91627000,16955.96502600,0
1545969600000,114.21000000,114.65000000,113.67000000,113.71000000,90.23302000,1545973199999,10287.27334880,48,23.40192000,2671.33171520,0
1545973200000,113.77000000,114.41000000,113.77000000,114.41000000,164.60229000,1545976799999,18804.90985990,110,162.14707000,18524.72470570,0
1545976800000,113.95000000,114.98000000,113.50000000,114.98000000,75.12131000,1545980399999,8575.29699430,44,48.60205000,5550.61241830,0
1545980400000,115.00000000,117.92000000,114.80000000,116.88000000,677.49451000,1545983999999,79333.44525000,284,516.46901000,60568.98923520,0
1545984000000,116.76000000,117.99000000,116.28000000,117.99000000,310.95509000,1545987599999,36326.88143050,134,176.39104000,20606.86867720,0
1545987600000,117.92000000,118.69000000,117.05000000,117.64000000,397.41710000,1545991199999,46917.72634860,143,127.61379000,15037.53717970,0
1545991200000,117.42000000,117.42000000,116.45000000,116.81000000,85.38424000,1545994799999,9987.46896040,40,64.99206000,7603.69988330,0
1545994800000,116.61000000,118.35000000,116.61000000,118.35000000,137.40763000,1545998399999,16118.38332720,71,105.80168000,12415.14629790,0
1545998400000,118.18000000,118.18000000,115.36000000,116.21000000,499.44038000,1546001999999,58424.07351770,171,228.31111000,26668.65514150,0
1546002000000,116.19000000,116.57000000,113.96000000,116.00000000,355.27767000,1546005599999,40815.17496300,135,232.65510000,26763.14883650,0
1546005600000,115.75000000,116.64000000,111.10000000,115.98000000,439.73582000,1546009199999,50329.48272940,79,136.63681000,15794.63884830,0
1546009200000,115.91000000,129.17000000,115.91000000,127.95000000,1701.03323000,1546012799999,213184.73618250,489,1086.57093000,135611.11662880,0
1546012800000,127.94000000,134.72000000,127.94000000,132.54000000,2439.70530000,1546016399999,322450.40198410,529,1106.77941000,145649.21357720,0
1546016400000,132.54000000,133.74000000,131.87000000,133.15000000,246.70842000,1546019999999,32722.02699680,69,81.47495000,10795.13485340,0
1546020000000,133.77000000,135.66000000,132.75000000,134.41000000,652.43771000,1546023599999,87363.68344730,176,194.43318000,26137.89803180,0
1546023600000,134.01000000,138.87000000,133.87000000,135.51000000,1395.45984000,1546027199999,191442.62682140,226,925.18808000,127325.15884350,0
1546027200000,135.51000000,135.53000000,133.21000000,135.04000000,277.59147000,1546030799999,37341.20792420,82,78.57729000,10596.46820180,0
1546030800000,135.04000000,136.61000000,134.29000000,134.54000000,361.56900000,1546034399999,48991.36604080,106,188.07706000,25482.89294690,0
1546034400000,134.54000000,135.77000000,133.60000000,134.27000000,251.43421000,1546037999999,33784.59417520,76,158.01767000,21251.38577480,0
1546038000000,133.70000000,138.24000000,132.91000000,136.86000000,829.40675000,1546041599999,111726.95520310,169,636.90600000,85899.75469560,0
1546041600000,137.91000000,140.50000000,136.49000000,137.24000000,234.11527000,1546045199999,32317.56614520,107,77.96500000,10771.59011950,0
1546045200000,137.00000000,139.20000000,135.80000000,137.26000000,370.41648000,1546048799999,50867.02596010,144,182.90046000,25144.94015490,0
1546048800000,137.06000000,137.06000000,133.95000000,135.81000000,392.03707000,1546052399999,53186.70060400,126,127.51113000,17315.44891500,0
1546052400000,135.60000000,136.60000000,135.24000000,135.24000000,173.45306000,1546055999999,23582.77673480,72,54.96443000,7475.78451730,0
1546056000000,134.79000000,136.98000000,134.44000000,136.28000000,239.91087000,1546059599999,32523.02088720,130,129.98978000,17690.19414210,0
1546059600000,136.82000000,137.10000000,132.00000000,135.96000000,338.78429000,1546063199999,45885.53651590,95,46.87059000,6389.52355920,0
1546063200000,135.96000000,137.22000000,135.12000000,136.83000000,105.56859000,1546066799999,14424.98128120,56,51.97468000,7100.79654490,0
1546066800000,137.02000000,138.41000000,136.24000000,137.81000000,168.59036000,1546070399999,23129.90383700,92,108.99807000,14958.69816670,0
1546070400000,137.38000000,138.21000000,136.97000000,137.12000000,73.72968000,1546073999999,10127.09106060,47,55.66926000,7650.42844940,0
1546074000000,138.04000000,139.32000000,136.53000000,137.09000000,182.17296000,1546077599999,25101.16184110,83,93.32755000,12870.17793350,0
1546077600000,137.40000000,137.40000000,129.13000000,134.11000000,908.27250000,1546081199999,120291.35095230,269,286.96088000,37680.06973760,0
1546081200000,133.73000000,135.37000000,133.70000000,134.40000000,167.56938000,1546084799999,22511.00069920,57,13.44150000,1812.94788590,0
1546084800000,134.40000000,135.57000000,133.30000000,135.18000000,1521.83406000,1546088399999,204131.25366160,300,55.08362000,7434.53259770,0
1546088400000,135.18000000,137.23000000,134.90000000,136.40000000,220.90906000,1546091999999,29979.95126460,109,80.39717000,10900.47487670,0
1546092000000,136.61000000,137.50000000,135.25000000,136.21000000,266.28821000,1546095599999,36227.66177720,75,165.24802000,22446.36343100,0
1546095600000,136.10000000,139.27000000,135.66000000,138.05000000,2468.62266000,1546099199999,340499.75172730,341,234.54628000,32255.38378160,0
1546099200000,137.82000000,137.82000000,132.08000000,134.86000000,350.04128000,1546102799999,47207.36536390,173,197.27347000,26677.69587370,0
1546102800000,134.86000000,134.91000000,132.82000000,134.30000000,339.73257000,1546106399999,45582.42122510,92,212.48422000,28562.57630950,0
1546106400000,134.48000000,134.76000000,133.41000000,134.65000000,105.44907000,1546109999999,14149.50746550,92,31.00569000,4161.87579640,0
1546110000000,134.59000000,134.83000000,133.01000000,134.70000000,122.93445000,1546113599999,16412.34358290,93,104.56243000,13960.93691820,0
1546113600000,134.61000000,137.94000000,134.61000000,136.57000000,132.05451000,1546117199999,18039.91110510,128,64.35267000,8789.98245200,0
1546117200000,137.11000000,145.00000000,137.00000000,143.48000000,752.85701000,1546120799999,107495.71716230,295,305.32840000,43370.16536580,0
1546120800000,143.50000000,145.00000000,142.96000000,143.47000000,507.22360000,1546124399999,73161.53236940,172,391.57771000,56561.23556910,0
1546124400000,143.19000000,146.99000000,132.80000000,135.17000000,2230.60805000,1546127999999,316125.50769020,564,1507.49970000,215152.60735000,0
1546128000000,134.02000000,137.05000000,126.40000000,132.31000000,928.45276000,1546131599999,121455.09393550,367,510.32829000,66969.95340430,0
1546131600000,132.30000000,134.00000000,131.80000000,132.66000000,163.94965000,1546135199999,21799.76105500,66,116.50008000,15508.74136820,0
1546135200000,132.51000000,134.05000000,132.43000000,133.47000000,181.00931000,1546138799999,24107.60144180,85,92.26596000,12311.74940280,0
1546138800000,133.47000000,133.96000000,132.46000000,132.60000000,161.27892000,1546142399999,21498.15012460,24,137.27756000,18316.18489010,0
1546142400000,132.60000000,134.84000000,132.46000000,133.75000000,111.28502000,1546145999999,14885.42669910,43,77.81160000,10427.49812220,0
1546146000000,134.07000000,134.81000000,133.39000000,134.00000000,114.82761000,1546149599999,15393.86563600,35,77.23559000,10360.97524760,0
1546149600000,134.35000000,134.95000000,134.07000000,134.55000000,60.15872000,1546153199999,8111.83673850,27,59.41976000,8012.76437130,0
1546153200000,133.88000000,134.35000000,133.54000000,134.18000000,50.95646000,1546156799999,6822.64100730,31,10.78297000,1445.02630520,0
1546156800000,134.20000000,137.10000000,133.31000000,136.93000000,183.24098000,1546160399999,24772.08651030,72,141.41446000,19105.28224530,0
1546160400000,136.90000000,139.25000000,135.15000000,138.53000000,306.87691000,1546163999999,41985.87492720,163,212.69304000,29085.57989040,0
1546164000000,138.48000000,138.59000000,137.03000000,138.59000000,133.52029000,1546167599999,18358.52131430,74,76.67397000,10554.08088690,0
1546167600000,138.72000000,138.98000000,136.04000000,136.83000000,300.30843000,1546171199999,41293.41809810,115,117.78691000,16198.81025450,0
1546171200000,137.08000000,139.00000000,134.12000000,136.94000000,324.89779000,1546174799999,44426.51440060,133,165.67087000,22700.49299640,0
1546174800000,136.38000000,137.41000000,135.95000000,136.08000000,50.55382000,1546178399999,6918.15559810,44,6.58362000,900.92463320,0
1546178400000,136.62000000,138.57000000,135.90000000,137.90000000,193.70915000,1546181999999,26471.43729970,95,183.86471000,25119.84708690,0
1546182000000,138.01000000,139.13000000,136.84000000,137.38000000,140.34700000,1546185599999,19333.74762550,92,98.47773000,13586.54050070,0
1546185600000,136.80000000,137.66000000,136.00000000,136.31000000,64.74249000,1546189199999,8849.32327920,43,11.16388000,1534.07502610,0
1546189200000,136.96000000,137.21000000,136.22000000,136.51000000,62.83380000,1546192799999,8593.96462090,25,25.75340000,3525.06398850,0
1546192800000,137.21000000,137.70000000,136.52000000,137.66000000,76.08747000,1546196399999,10428.96602390,43,15.86494000,2175.59895480,0
1546196400000,137.42000000,139.96000000,134.56000000,137.10000000,273.24420000,1546199999999,37322.05602190,205,140.28271000,19072.73468960,0
1546200000000,137.54000000,138.36000000,136.00000000,137.39000000,163.48558000,1546203599999,22444.30327270,177,84.70733000,11621.16383570,0
1546203600000,137.33000000,139.51000000,137.00000000,138.55000000,207.34873000,1546207199999,28592.80084600,138,109.69225000,15118.49063920,0
1546207200000,138.44000000,138.68000000,137.06000000,138.18000000,88.45196000,1546210799999,12150.23353690,49,9.22226000,1275.98952010,0
1546210800000,138.22000000,139.82000000,137.74000000,138.65000000,211.60433000,1546214399999,29299.06172960,93,107.26645000,14869.16450530,0
1546214400000,139.00000000,139.23000000,137.26000000,137.73000000,114.99249000,1546217999999,15863.57517350,92,67.50184000,9304.21131000,0
1546218000000,137.91000000,137.91000000,135.49000000,136.13000000,174.25336000,1546221599999,23731.24046140,106,88.51581000,12058.55927910,0
1546221600000,136.01000000,136.70000000,133.70000000,134.00000000,247.37967000,1546225199999,33506.91240940,126,121.51834000,16455.50734940,0
1546225200000,133.96000000,135.59000000,133.38000000,135.00000000,163.82673000,1546228799999,22071.31630510,91,91.93455000,12401.25602670,0
1546228800000,135.05000000,135.80000000,134.87000000,135.19000000,114.78307000,1546232399999,15527.34533430,102,40.74892000,5512.25807490,0
1546232400000,135.10000000,135.28000000,134.55000000,135.03000000,73.99029000,1546235999999,9972.97266410,45,26.86762000,3627.40266180,0
1546236000000,134.99000000,136.10000000,134.99000000,136.01000000,8.07470000,1546239599999,1094.50070390,16,2.75828000,374.85559350,0
1546239600000,135.78000000,135.88000000,135.56000000,135.70000000,0.84016000,1546243199999,114.04784870,11,0.84016000,114.04784870,0
1546243200000,135.54000000,135.70000000,134.93000000,135.00000000,120.48382000,1546246799999,16301.12865340,48,58.35655000,7900.15144170,0
1546246800000,135.27000000,136.63000000,134.63000000,135.91000000,277.18708000,1546250399999,37450.81868640,95,195.08248000,26380.25188630,0
1546250400000,135.87000000,136.34000000,135.20000000,135.93000000,82.52092000,1546253999999,11183.57306960,53,11.63045000,1579.53355480,0
1546254000000,135.47000000,135.50000000,133.80000000,134.82000000,329.70799000,1546257599999,44355.75912130,196,154.91685000,20851.08876230,0
1546257600000,134.62000000,135.43000000,134.41000000,135.43000000,99.80189000,1546261199999,13449.51439520,74,71.13693000,9587.20893580,0
1546261200000,135.43000000,136.30000000,135.14000000,135.14000000,87.90191000,1546264799999,11923.14798290,51,56.02461000,7605.57727620,0
1546264800000,135.21000000,137.53000000,135.10000000,136.68000000,240.45590000,1546268399999,32757.34931510,114,187.66634000,25580.61071310,0
1546268400000,137.29000000,137.48000000,135.20000000,135.97000000,270.69118000,1546271999999,36800.99015720,90,96.53206000,13080.70836870,0
1546272000000,136.18000000,137.28000000,134.44000000,134.99000000,123.09288000,1546275599999,16664.83049130,91,58.88919000,7978.10648230,0
1546275600000,134.99000000,135.70000000,134.29000000,135.17000000,77.00631000,1546279199999,10400.81466340,91,75.39253000,10183.30562430,0
1546279200000,135.32000000,135.32000000,134.83000000,135.29000000,63.23307000,1546282799999,8543.19005770,42,46.37696000,6266.09169500,0
1546282800000,134.87000000,135.19000000,128.23000000,131.14000000,837.67484000,1546286399999,109786.95962080,304,280.89144000,36663.26654350,0
1546286400000,131.02000000,131.57000000,130.45000000,130.86000000,449.78131000,1546289999999,58873.91352620,161,159.34628000,20871.94940730,0
1546290000000,130.73000000,131.00000000,129.67000000,130.55000000,200.47911000,1546293599999,26103.67227500,76,75.23843000,9799.53156680,0
1546293600000,130.31000000,131.20000000,129.70000000,130.95000000,236.94919000,1546297199999,30895.43966040,138,109.78628000,14319.84226670,0
1546297200000,130.97000000,131.88000000,130.89000000,131.14000000,723.30415000,1546300799999,94965.99803960,331,689.25408000,90495.01855410,0
