1704067200000,2281.65000000,2352.33000000,2265.34000000,2352.28000000,9401.76060000,1704153599999,21683537.26965100,15726,4806.58760000,11081997.01930800,0
1704153600000,2352.13000000,2432.96000000,2340.00000000,2356.17000000,18417.51940000,1704239999999,43887502.87179500,30713,8614.78890000,20521984.56210400,0
1704240000000,2355.93000000,2387.14000000,2108.49000000,2210.56000000,23112.86270000,1704326399999,52571542.52641200,44441,12236.44670000,27852983.16233100,0
1704326400000,2210.48000000,2298.80000000,2203.90000000,2269.03000000,17244.75280000,1704412799999,38834419.32595600,26900,8707.38610000,19604787.42687000,0
1704412800000,2269.30000000,2282.88000000,2207.35000000,2268.84000000,18115.22330000,1704499199999,40678209.69118200,32811,9469.94190000,21268442.66300800,0
1704499200000,2270.10000000,2271.51000000,2218.00000000,2241.74000000,6618.33300000,1704585599999,14848112.53702100,13552,3183.33260000,7140689.16742800,0
1704585600000,2241.81000000,2258.68000000,2205.79000000,2222.87000000,6754.94910000,1704671999999,15128172.38165800,13997,3230.66700000,7235622.85572900,0
1704672000000,2222.68000000,2360.00000000,2165.83000000,2332.80000000,12669.01690000,1704758399999,28706561.47040000,26519,6106.97220000,13834748.95312900,0
1704758400000,2332.46000000,2372.45000000,2230.00000000,2344.90000000,19949.18770000,1704844799999,45878324.34409200,36274,9871.09030000,22699844.14296300,0
1704844800000,2344.86000000,2644.75000000,2310.05000000,2584.82000000,32722.32050000,1704931199999,79765644.50891900,54678,16015.29040000,39029008.20812800,0
1704931200000,2584.89000000,2690.42000000,2566.20000000,2618.35000000,28456.90190000,1705017599999,74448459.35151400,54999,13887.56450000,36321251.90192000,0
1705017600000,2618.76000000,2716.87000000,2456.16000000,2521.72000000,29080.02390000,1705103999999,75771204.32635700,54508,15056.05240000,39228534.72151400,0
1705104000000,2521.56000000,2589.47000000,2496.71000000,2577.62000000,19668.50000000,1705190399999,50115571.38818100,33195,9410.92440000,23978721.89818700,0
1705190400000,2578.15000000,2578.46000000,2468.08000000,2471.02000000,12770.09930000,1705276799999,32303361.03261300,22122,6936.32620000,17536708.53000200,0
1705276800000,2470.69000000,2551.49000000,2469.33000000,2509.92000000,15178.94780000,1705363199999,38188909.48027700,24286,7682.89690000,19322147.73002600,0
1705363200000,2510.22000000,2613.32000000,2498.62000000,2587.76000000,13445.04700000,1705449599999,34246147.56396100,25793,6842.69750000,17420011.87245000,0
1705449600000,2586.68000000,2592.16000000,2504.77000000,2529.40000000,10250.66720000,1705535999999,26099070.20905300,22073,5025.95430000,12797846.57463800,0
1705536000000,2527.80000000,2546.41000000,2423.57000000,2468.20000000,9651.95740000,1705622399999,24054709.96071300,23525,4739.60280000,11816207.77913800,0
1705622400000,2467.86000000,2501.73000000,2412.80000000,2489.74000000,8809.58300000,1705708799999,21746520.75134100,20249,4546.31180000,11226738.17766300,0
1705708800000,2489.29000000,2489.33000000,2452.39000000,2469.97000000,3143.81530000,1705795199999,7768942.63785100,8911,1573.19190000,3888648.95084700,0
1705795200000,2470.12000000,2480.51000000,2450.17000000,2454.89000000,1760.70640000,1705881599999,4349883.03913300,6165,945.69910000,2336467.03781900,0
1705881600000,2455.37000000,2464.28000000,2298.85000000,2311.43000000,12290.28890000,1705967999999,29133799.36843800,30059,5072.90500000,12040996.25033100,0
1705968000000,2311.32000000,2349.27000000,2165.24000000,2241.51000000,16132.12130000,1706054399999,35925709.12906600,37761,6629.92230000,14779791.86521200,0
1706054400000,2240.68000000,2262.36000000,2195.20000000,2233.95000000,6878.11450000,1706140799999,15326716.43471900,16575,3600.34070000,8024441.59434100,0
1706140800000,2234.16000000,2240.91000000,2169.80000000,2216.10000000,7391.43250000,1706227199999,16352658.44709900,17264,3638.92600000,8047366.84217000,0
1706227200000,2216.75000000,2281.31000000,2194.81000000,2266.89000000,7417.48770000,1706313599999,16641963.10165900,16490,3808.49330000,8546847.89184100,0
1706313600000,2267.33000000,2282.54000000,2250.75000000,2267.69000000,2482.02280000,1706399999999,5627148.14609000,7515,1346.93970000,3053776.46578900,0
1706400000000,2267.90000000,2307.61000000,2239.76000000,2256.88000000,4213.28010000,1706486399999,9587924.47441600,11028,2169.70200000,4936432.32425700,0
1706486400000,2256.52000000,2323.03000000,2233.38000000,2317.68000000,7100.64930000,1706572799999,16195236.90213600,16358,3583.20260000,8173763.65379800,0
1706572800000,2317.41000000,2392.01000000,2296.10000000,2343.03000000,9296.15160000,1706659199999,21711518.71038200,21637,4649.77630000,10862276.46486100,0
1706659200000,2343.02000000,2351.54000000,2261.52000000,2281.56000000,8999.40710000,1706745599999,20841110.76991400,19898,4411.01950000,10213276.15373400,0
1706745600000,2281.57000000,2311.15000000,2238.00000000,2303.50000000,6973.64590000,1706831999999,15899350.55790400,15864,3633.35470000,8284016.97000100,0
1706832000000,2303.51000000,2323.29000000,2280.64000000,2308.22000000,5549.00210000,1706918399999,12785299.23458500,12849,2789.80980000,6426551.33339900,0
1706918400000,2308.40000000,2328.46000000,2291.65000000,2295.72000000,2958.33990000,1707004799999,6829702.57116300,7659,1426.36880000,3293309.28850600,0
1707004800000,2295.72000000,2309.54000000,2265.35000000,2289.01000000,3317.96320000,1707091199999,7609674.39752100,9764,1598.21160000,3664672.26178300,0
1707091200000,2288.66000000,2336.06000000,2267.83000000,2298.99000000,6073.86720000,1707177599999,14005849.66227400,14669,2665.86020000,6140575.72816900,0
1707177600000,2298.99000000,2391.31000000,2296.23000000,2371.38000000,6398.26650000,1707263999999,14975390.11049900,16133,3261.03740000,7634873.63275900,0
1707264000000,2371.87000000,2444.22000000,2352.29000000,2425.10000000,6625.73980000,1707350399999,15870511.96690700,16091,3292.64130000,7883649.89680200,0
1707350400000,2425.65000000,2462.83000000,2406.13000000,2419.90000000,6966.32220000,1707436799999,16934186.97158000,17252,3649.23550000,8868861.93253000,0
1707436800000,2420.13000000,2527.00000000,2419.42000000,2487.29000000,9569.51260000,1707523199999,23762586.00829200,23279,4971.96030000,12340159.00141000,0
1707523200000,2488.36000000,2517.17000000,2473.42000000,2501.21000000,4912.17930000,1707609599999,12255513.89773400,10943,2904.96620000,7246703.70344400,0
1707609600000,2500.80000000,2540.78000000,2494.30000000,2507.52000000,4384.67960000,1707695999999,11037900.43746500,10940,2372.18760000,5972186.88180000,0
1707696000000,2508.13000000,2666.86000000,2471.80000000,2659.84000000,11633.95420000,1707782399999,30048784.58826900,27955,7366.85730000,19072725.97172100,0
1707782400000,2663.03000000,2687.50000000,2588.76000000,2641.64000000,10546.05530000,1707868799999,27886050.32754900,25653,5012.15780000,13254016.67894400,0
1707868800000,2642.38000000,2788.55000000,2620.02000000,2777.54000000,8589.96370000,1707955199999,23435900.88269700,20818,4523.53440000,12337681.21287600,0
1707955200000,2776.27000000,2868.20000000,2761.94000000,2825.55000000,11230.28550000,1708041599999,31539641.98771100,26691,5350.88850000,15032585.65669300,0
1708041600000,2825.57000000,2859.84000000,2742.19000000,2804.04000000,10853.79090000,1708127999999,30481767.80551200,27862,4598.04780000,12924516.50356900,0
1708128000000,2804.11000000,2806.49000000,2719.20000000,2786.38000000,4395.89520000,1708214399999,12184171.20447700,12556,2148.26820000,5954220.99122300,0
1708214400000,2787.34000000,2895.36000000,2766.27000000,2881.56000000,5420.52070000,1708300799999,15299756.01969100,15478,2807.35360000,7921820.06260800,0
1708300800000,2881.58000000,2984.72000000,2857.46000000,2945.26000000,6623.29790000,1708387199999,19326806.48008100,19030,3346.52840000,9762924.14399800,0
1708387200000,2944.81000000,3033.64000000,2873.71000000,3015.14000000,11096.59120000,1708473599999,32653681.79832200,31861,5792.22280000,17040393.62456100,0
1708473600000,3015.80000000,3017.48000000,2867.52000000,2968.64000000,11314.27760000,1708559999999,33132103.77498600,30510,5547.07720000,16250300.56286100,0
1708560000000,2969.05000000,3036.40000000,2906.20000000,2969.40000000,10311.17590000,1708646399999,30695538.28739800,29362,5108.25210000,15214329.93748900,0
1708646400000,2969.84000000,2991.80000000,2905.96000000,2921.01000000,6258.65470000,1708732799999,18419187.69671600,19393,2905.46180000,8551361.98157000,0
1708732800000,2921.76000000,3005.90000000,2906.33000000,2992.16000000,4247.74670000,1708819199999,12587208.44631000,11710,2231.64360000,6615975.97344000,0
1708819200000,2992.43000000,3122.94000000,2983.55000000,3112.60000000,8599.13370000,1708905599999,26249812.24201000,24115,4516.50610000,13773422.31050100,0
1708905600000,3112.51000000,3198.72000000,3036.55000000,3178.43000000,9304.77570000,1708991999999,29010131.88526500,29048,4710.63490000,14680765.49482700,0
1708992000000,3178.32000000,3290.61000000,3167.81000000,3243.82000000,12192.70440000,1709078399999,39514694.69169800,34345,5875.08630000,19040372.73662900,0
1709078400000,3243.92000000,3493.06000000,3172.34000000,3386.96000000,19878.81960000,1709164799999,66222782.06467800,54933,9778.64730000,32585576.64421200,0
1709164800000,3386.97000000,3522.24000000,3302.44000000,3342.01000000,13069.14960000,1709251199999,44764131.05606800,41710,6576.14270000,22539321.45249000,0
1709251200000,3342.31000000,3455.48000000,3341.02000000,3435.90000000,7884.24550000,1709337599999,26861954.92712800,24209,3951.58070000,13462096.42602900,0
1709337600000,3435.85000000,3462.57000000,3396.75000000,3423.76000000,4930.18000000,1709423999999,16892786.74100500,15127,2521.90420000,8642871.05912700,0
1709424000000,3423.99000000,3494.20000000,3363.79000000,3489.65000000,4591.59160000,1709510399999,15780575.72188800,16231,2343.39440000,8057148.96305700,0
1709510400000,3489.64000000,3645.29000000,3429.12000000,3632.80000000,11049.77020000,1709596799999,39059447.58051400,41797,5925.33380000,20953243.33123300,0
1709596800000,3632.90000000,3828.51000000,3210.00000000,3560.59000000,22261.47130000,1709683199999,80421469.77042600,69106,11512.37620000,41687090.97376900,0
1709683200000,3559.10000000,3902.44000000,3502.85000000,3821.70000000,13938.90310000,1709769599999,52722798.64984000,54420,7250.75910000,27438792.22797700,0
1709769600000,3822.28000000,3941.01000000,3736.80000000,3875.61000000,8370.22570000,1709855999999,32029274.98695200,38471,4463.76130000,17074704.33168900,0
1709856000000,3875.20000000,4002.89000000,3809.39000000,3892.55000000,11916.31430000,1709942399999,46751211.76089700,46726,5840.01570000,22917073.38164400,0
1709942400000,3892.53000000,3951.37000000,3880.00000000,3914.05000000,4465.54860000,1710028799999,17488889.70988400,15836,2235.89210000,8756159.01083200,0
1710028800000,3913.56000000,3971.40000000,3799.79000000,3882.79000000,5053.92790000,1710115199999,19763879.20559300,21070,2423.85950000,9471365.64422000,0
1710115200000,3882.33000000,4091.33000000,3735.00000000,4065.61000000,16221.75280000,1710201599999,64803588.98551500,63391,9760.40920000,39070876.92421100,0
1710201600000,4065.81000000,4094.01000000,3831.35000000,3980.49000000,10758.47560000,1710287999999,42780624.09512800,42297,5193.74110000,20678478.99279100,0
1710288000000,3980.51000000,4084.71000000,3935.40000000,4007.60000000,6657.33320000,1710374399999,26717923.10147200,28974,3260.03160000,13084499.18887600,0
1710374400000,4006.80000000,4013.24000000,3720.00000000,3881.10000000,10016.60390000,1710460799999,38914855.88952000,43474,5158.14110000,20054147.02205300,0
1710460800000,3880.82000000,3932.23000000,3568.00000000,3742.64000000,14585.55600000,1710547199999,53999007.16022600,75489,7296.57010000,27021252.56918200,0
1710547200000,3743.00000000,3780.89000000,3468.00000000,3520.50000000,8684.59570000,1710633599999,31680432.05772200,46391,4399.56290000,16048672.71312700,0
1710633600000,3520.20000000,3677.38000000,3411.30000000,3642.04000000,7839.84950000,1710719999999,27910197.82744600,42656,3964.17600000,14109868.78008500,0
1710720000000,3641.87000000,3652.99000000,3454.28000000,3520.48000000,7058.23810000,1710806399999,25078065.38956700,41095,3654.71680000,12994110.43187100,0
1710806400000,3519.61000000,3546.69000000,3148.72000000,3157.21000000,17963.96720000,1710892799999,59291137.85366400,88429,9090.15000000,29997040.58700500,0
1710892800000,3156.80000000,3535.60000000,3057.50000000,3516.22000000,21194.71930000,1710979199999,69449763.40563000,97242,10651.36800000,34873195.97618700,0
1710979200000,3515.77000000,3586.78000000,3411.20000000,3491.63000000,8350.94010000,1711065599999,29306598.10984200,47910,4387.17770000,15396696.36679400,0
1711065600000,3491.43000000,3542.28000000,3249.09000000,3336.51000000,9865.41240000,1711151999999,33433101.45136900,39995,4506.76390000,15258017.00974700,0
1711152000000,3337.34000000,3434.20000000,3270.51000000,3330.01000000,4559.14030000,1711238399999,15343469.44611700,21991,2159.32980000,7268591.37164600,0
1711238400000,3329.99000000,3470.80000000,3300.40000000,3454.96000000,4235.22620000,1711324799999,14299777.33799800,25396,2085.72640000,7042791.64305700,0
1711324800000,3456.25000000,3668.39000000,3420.21000000,3591.22000000,8143.19280000,1711411199999,28690505.18905000,41939,3906.51090000,13798320.84230200,0
1711411200000,3591.20000000,3681.00000000,3543.89000000,3586.47000000,5716.89210000,1711497599999,20652371.16941900,28276,2686.14540000,9699861.08825600,0
1711497600000,3587.12000000,3666.15000000,3459.00000000,3499.41000000,5643.03740000,1711583999999,20056472.88019200,35274,2928.47920000,10412407.20285900,0
1711584000000,3498.63000000,3611.30000000,3462.76000000,3560.55000000,4509.37320000,1711670399999,16035216.94724500,22324,2128.67460000,7565353.83773800,0
1711670400000,3560.39000000,3584.89000000,3472.04000000,3511.59000000,3889.35240000,1711756799999,13721385.09256300,19650,1854.93550000,6545427.04939100,0
1711756800000,3511.59000000,3567.61000000,3488.61000000,3506.94000000,2821.62270000,1711843199999,9935970.51804300,13856,1372.69230000,4834108.70389600,0
1711843200000,3507.14000000,3654.60000000,3506.54000000,3645.30000000,4377.31480000,1711929599999,15757169.33744700,21566,2206.34380000,7951559.49710300,0
1711929600000,3645.71000000,3645.77000000,3412.52000000,3505.20000000,7003.16670000,1712015999999,24636085.72455900,28961,3504.54270000,12323972.22892200,0
1712016000000,3506.59000000,3507.28000000,3211.85000000,3278.92000000,10679.22550000,1712102399999,35402859.40999100,42424,5107.09880000,16954628.23321800,0
1712102400000,3279.58000000,3368.20000000,3204.29000000,3311.91000000,9058.28970000,1712188799999,30047586.06147600,38071,4740.35460000,15723596.13067600,0
1712188800000,3311.22000000,3444.80000000,3251.80000000,3328.57000000,7371.83840000,1712275199999,24622699.22777800,31846,3318.91560000,11073243.23367600,0
1712275200000,3328.98000000,3350.00000000,3210.58000000,3319.39000000,7360.14520000,1712361599999,24195082.97258700,31956,3711.56680000,12200575.15950400,0
1712361600000,3319.00000000,3399.06000000,3308.70000000,3352.20000000,2829.23470000,1712447999999,9457903.22584700,13468,1482.59730000,4955713.42206100,0
1712448000000,3352.40000000,3495.22000000,3345.28000000,3454.27000000,3232.82300000,1712534399999,10985168.26320800,15641,1766.88660000,6005696.57505700,0
1712534400000,3454.13000000,3729.93000000,3407.86000000,3694.42000000,6555.71880000,1712620799999,23618279.27723200,35388,3617.41420000,13037485.25026000,0
1712620800000,3694.22000000,3725.96000000,3450.47000000,3504.80000000,6996.62660000,1712707199999,25105508.42035300,35409,3629.43800000,13020009.18528000,0
1712707200000,3504.44000000,3565.68000000,3413.47000000,3545.08000000,6725.58850000,1712793599999,23504841.58552600,34366,3367.98670000,11769603.28141600,0
1712793600000,3546.49000000,3617.80000000,3474.13000000,3502.42000000,7242.58890000,1712879999999,25599176.81328900,30308,3469.95400000,12257965.75040200,0
1712880000000,3502.21000000,3552.48000000,3084.44000000,3239.76000000,16035.64350000,1712966399999,53317762.81793800,56507,8222.73520000,27341218.87738100,0
1712966400000,3238.00000000,3302.44000000,2835.00000000,3010.80000000,22263.75990000,1713052799999,68095873.67876500,100926,10594.62000000,32415671.06205400,0
1713052800000,3010.60000000,3176.00000000,2910.81000000,3158.79000000,17055.53910000,1713139199999,51999127.94370400,79110,9026.46400000,27526433.96407000,0
1713139200000,3157.99000000,3281.12000000,3025.40000000,3102.37000000,11285.82750000,1713225599999,35513546.15186700,56635,5537.86870000,17433857.55579600,0
1713225600000,3103.20000000,3127.60000000,2989.10000000,3085.40000000,12756.38310000,1713311999999,39045597.33729600,59115,6375.69770000,19507802.60968600,0
1713312000000,3086.27000000,3123.20000000,2914.93000000,2985.57000000,9035.03640000,1713398399999,27231769.70896900,44904,4488.78140000,13529270.79996100,0
1713398400000,2985.26000000,3097.10000000,2950.00000000,3065.66000000,7144.69090000,1713484799999,21639777.39214900,37440,3692.43660000,11176412.92740200,0
1713484800000,3065.10000000,3129.26000000,2865.00000000,3057.76000000,10599.76750000,1713571199999,32273763.62867000,52852,5402.04490000,16451698.39301700,0
1713571200000,3057.54000000,3172.31000000,3019.89000000,3157.41000000,4414.25310000,1713657599999,13656785.43258200,25350,2183.84250000,6753372.30230500,0
1713657600000,3156.89000000,3198.60000000,3117.00000000,3147.87000000,4243.30900000,1713743999999,13410181.85433200,21573,2206.91450000,6974731.37738700,0
1713744000000,3148.16000000,3236.85000000,3130.10000000,3201.21000000,6560.57510000,1713830399999,20957126.27453600,26699,3508.22220000,11208596.78512300,0
1713830400000,3201.21000000,3265.85000000,3152.79000000,3220.06000000,5363.29920000,1713916799999,17193949.63380600,22091,2633.80560000,8440084.31729500,0
1713916800000,3219.00000000,3293.41000000,3103.20000000,3139.19000000,10193.88110000,1714003199999,32773995.75310800,36990,5433.00420000,17490534.46943500,0
1714003200000,3138.99000000,3191.27000000,3072.30000000,3155.19000000,8816.57130000,1714089599999,27646894.25327300,32238,4402.09930000,13803512.10601600,0
1714089600000,3155.19000000,3167.15000000,3101.60000000,3129.61000000,5984.65900000,1714175999999,18783444.93317800,28187,3019.65360000,9475311.48152300,0
1714176000000,3131.16000000,3281.80000000,3066.26000000,3253.01000000,7017.77440000,1714262399999,22197942.04481300,30587,3644.44320000,11529098.34438600,0
1714262400000,3253.30000000,3363.43000000,3248.45000000,3262.60000000,6179.44710000,1714348799999,20415736.67068800,29064,3259.79400000,10769409.10270600,0
1714348800000,3262.21000000,3285.59000000,3114.51000000,3215.61000000,8446.53080000,1714435199999,26892499.72595600,33246,4517.66510000,14373797.18492900,0
1714435200000,3216.80000000,3249.66000000,2916.78000000,3011.83000000,13239.83330000,1714521599999,40202866.17543300,65835,7275.82990000,22045264.01136700,0
1714521600000,3011.40000000,3019.79000000,2812.74000000,2968.10000000,15895.47550000,1714607999999,46397713.66448700,73598,7798.59590000,22754343.14639800,0
1714608000000,2968.15000000,3017.70000000,2890.15000000,2986.40000000,8621.29160000,1714694399999,25552350.95389700,42770,4162.96190000,12343600.90765200,0
1714694400000,2985.71000000,3128.00000000,2959.00000000,3103.31000000,6881.90320000,1714780799999,20899394.45908900,34117,3401.96520000,10337827.50237500,0
1714780800000,3103.49000000,3168.44000000,3093.37000000,3117.91000000,4347.61480000,1714867199999,13585114.76822500,26239,2239.00440000,6997071.91612700,0
1714867200000,3117.61000000,3172.40000000,3073.17000000,3136.87000000,5595.21570000,1714953599999,17498905.80042800,28269,2747.40660000,8596723.39064600,0
1714953600000,3136.98000000,3221.88000000,3046.01000000,3062.62000000,9797.57300000,1715039999999,30636920.39177100,42299,5177.92790000,16187359.78674900,0
1715040000000,3062.79000000,3129.55000000,2999.32000000,3006.00000000,8998.62590000,1715126399999,27610806.26039500,38936,4831.31430000,14828019.29651900,0
1715126400000,3005.83000000,3038.00000000,2930.00000000,2973.21000000,8292.16450000,1715212799999,24850627.88156100,41699,4623.25310000,13860099.72919300,0
1715212800000,2972.00000000,3058.53000000,2949.28000000,3035.96000000,7091.61420000,1715299199999,21242177.92043600,33602,3949.57780000,11830696.89160900,0
1715299200000,3035.83000000,3053.02000000,2877.50000000,2909.34000000,8784.79430000,1715385599999,26010074.54846400,41611,4241.53440000,12542042.33411800,0
1715385600000,2909.33000000,2943.40000000,2885.42000000,2911.59000000,5292.73630000,1715471999999,15439806.78720100,25145,3214.28650000,9376386.83539000,0
1715472000000,2910.79000000,2953.86000000,2900.37000000,2927.80000000,3009.03450000,1715558399999,8802469.17910400,19187,1579.43320000,4619767.48756900,0
1715558400000,2927.80000000,2996.08000000,2864.14000000,2950.56000000,8500.68670000,1715644799999,24969751.25369100,53692,4736.49180000,13921127.64163600,0
1715644800000,2950.38000000,2960.01000000,2860.00000000,2880.62000000,8001.46850000,1715731199999,23240232.49052300,31526,4427.49980000,12862850.37243500,0
1715731200000,2880.62000000,3044.13000000,2862.55000000,3033.61000000,13200.84050000,1715817599999,39144068.12186300,83636,5192.01710000,15397699.60463400,0
1715817600000,3033.40000000,3042.74000000,2923.20000000,2944.84000000,6747.54410000,1715903999999,20127647.62710800,31028,3582.19180000,10691332.08964300,0
1715904000000,2945.21000000,3121.53000000,2933.34000000,3093.21000000,7917.49310000,1715990399999,24090036.09071700,39500,3911.13870000,11883831.32998900,0
1715990400000,3093.84000000,3147.80000000,3085.00000000,3123.63000000,4163.39300000,1716076799999,12968179.57229100,23662,2083.74020000,6492142.87002600,0
1716076800000,3124.24000000,3136.99000000,3053.34000000,3070.45000000,3208.18290000,1716163199999,9915652.28706100,18308,1580.29840000,4884504.47036800,0
1716163200000,3070.61000000,3694.41000000,3047.80000000,3662.42000000,31502.88980000,1716249599999,106750202.21574700,206480,16395.63270000,55793809.22719800,0
1716249600000,3662.46000000,3840.00000000,3625.40000000,3789.58000000,22996.41290000,1716335999999,85845544.96698300,181821,13098.15320000,48829625.64216700,0
1716336000000,3789.52000000,3812.30000000,3653.40000000,3736.52000000,12438.88030000,1716422399999,46523167.76485600,81180,6604.78210000,24707670.74394700,0
1716422400000,3736.78000000,4000.00000000,3400.00000000,3782.22000000,28518.01420000,1716508799999,108350331.59840200,179404,14505.59490000,55168867.85418600,0
1716508800000,3781.00000000,3828.00000000,3627.00000000,3727.58000000,11385.13940000,1716595199999,42341957.71597000,66013,5857.41070000,21792307.78944200,0
1716595200000,3727.21000000,3778.76000000,3708.38000000,3748.87000000,3183.12100000,1716681599999,11920939.56304700,21800,1650.64300000,6182680.64071500,0
1716681600000,3748.98000000,3881.92000000,3731.40000000,3824.93000000,6749.26850000,1716767999999,25762647.71494900,42994,3813.21090000,14561410.15929800,0
1716768000000,3825.37000000,3974.76000000,3821.10000000,3891.53000000,8639.38800000,1716854399999,33816273.80472700,80517,4669.97150000,18273640.32973900,0
1716854400000,3891.53000000,3928.22000000,3769.61000000,3840.66000000,8386.46090000,1716940799999,32307222.68873100,59662,4278.37760000,16491313.22433300,0
1716940800000,3840.43000000,3883.77000000,3740.72000000,3762.55000000,7573.94760000,1717027199999,28739775.53205400,56688,4467.56360000,16935557.75194300,0
1717027200000,3762.27000000,3824.80000000,3701.00000000,3745.95000000,7201.47230000,1717113599999,27105470.06299600,51818,3463.85290000,13039064.25078700,0
1717113600000,3746.80000000,3850.00000000,3720.45000000,3758.58000000,7713.33360000,1717199999999,29093167.50094500,54676,4623.60550000,17433551.98951200,0
1717200000000,3759.67000000,3830.71000000,3748.80000000,3812.94000000,2805.73980000,1717286399999,10633849.93217900,20804,1535.06730000,5818805.65065700,0
1717286400000,3812.76000000,3835.00000000,3750.00000000,3779.03000000,3295.71580000,1717372799999,12487751.60853800,25240,1678.17160000,6359837.53177400,0
1717372800000,3779.21000000,3850.00000000,3757.44000000,3766.41000000,4966.55110000,1717459199999,18851276.66715600,29278,2367.91920000,8986550.92777300,0
1717459200000,3766.36000000,3831.99000000,3725.14000000,3810.81000000,6578.70810000,1717545599999,24904932.71655000,32792,3045.57650000,11522015.95498300,0
1717545600000,3810.82000000,3888.12000000,3778.24000000,3867.18000000,8153.52770000,1717631999999,31160468.81980700,33425,4108.45160000,15693503.79024200,0
1717632000000,3866.36000000,3879.00000000,3758.00000000,3812.18000000,5999.90220000,1717718399999,23001424.00652500,28543,2984.79810000,11446772.45076400,0
1717718400000,3811.80000000,3839.61000000,3574.67000000,3676.81000000,9123.18730000,1717804799999,34115725.92044400,59416,4657.80290000,17429517.78150500,0
1717804800000,3676.84000000,3707.96000000,3660.28000000,3680.79000000,2895.16190000,1717891199999,10666556.60669800,18414,1537.66810000,5664903.96757500,0
1717891200000,3680.33000000,3721.22000000,3666.15000000,3705.75000000,2163.68490000,1717977599999,7990013.86375600,17646,1187.61280000,4385470.40010400,0
1717977600000,3706.32000000,3712.53000000,3643.21000000,3666.44000000,4113.51880000,1718063999999,15128553.44073400,23633,2326.93310000,8560129.17155100,0
1718064000000,3666.33000000,3671.60000000,3427.79000000,3496.94000000,11211.83520000,1718150399999,39523167.97585800,99819,6066.43980000,21386741.83191400,0
1718150400000,3497.19000000,3658.20000000,3462.07000000,3559.80000000,9134.74930000,1718236799999,32641369.21392100,60295,4781.22930000,17084013.61241400,0
1718236800000,3558.69000000,3560.30000000,3427.20000000,3467.65000000,7607.90260000,1718323199999,26564824.21656400,52815,3967.39830000,13849680.94658100,0
1718323200000,3468.21000000,3531.65000000,3358.81000000,3479.34000000,8571.57650000,1718409599999,29718748.08422300,70507,4561.61020000,15807943.78041200,0
1718409600000,3480.20000000,3592.64000000,3471.33000000,3566.16000000,5745.46730000,1718495999999,20328614.71245900,50824,3197.05030000,11311564.65249300,0
1718496000000,3566.81000000,3650.00000000,3539.12000000,3621.81000000,4007.65950000,1718582399999,14367009.94747000,38981,2176.62110000,7800205.87138300,0
1718582400000,3621.81000000,3635.80000000,3464.44000000,3509.88000000,10362.22280000,1718668799999,36657068.75005600,98182,5283.12470000,18682775.57815100,0
1718668800000,3509.62000000,3515.60000000,3350.00000000,3482.39000000,14435.73510000,1718755199999,49458913.28924600,133668,6262.24150000,21445397.17237100,0
1718755200000,3481.93000000,3587.01000000,3465.01000000,3559.20000000,10696.95550000,1718841599999,37902440.70524900,69457,5498.86490000,19485938.80446700,0
1718841600000,3559.07000000,3624.00000000,3483.48000000,3510.61000000,9632.82370000,1718927999999,34244386.41160900,80239,5165.98250000,18360021.46470400,0
1718928000000,3510.81000000,3545.20000000,3445.00000000,3516.80000000,11401.31360000,1719014399999,39875989.38132000,92253,6036.33520000,21113550.07392200,0
1719014400000,3517.02000000,3519.79000000,3474.08000000,3494.23000000,2800.50290000,1719100799999,9792231.28688100,29944,1396.91780000,4884676.99569400,0
1719100800000,3494.33000000,3519.40000000,3404.08000000,3418.53000000,3901.95960000,1719187199999,13517916.82520800,37403,1938.04890000,6717081.13541600,0
1719187200000,3418.60000000,3434.64000000,3225.00000000,3350.78000000,17859.67370000,1719273599999,59401914.68641500,165200,8254.22530000,27453879.87739700,0
1719273600000,3350.97000000,3429.79000000,3335.60000000,3394.60000000,11141.28490000,1719359999999,37665599.19995900,125096,5441.21230000,18389550.93246400,0
1719360000000,3394.01000000,3425.58000000,3325.04000000,3369.69000000,6974.05260000,1719446399999,23569907.41755000,50613,3782.65840000,12781771.38009400,0
1719446400000,3370.41000000,3474.45000000,3360.14000000,3446.39000000,8243.25190000,1719532799999,28218436.61673200,78480,4463.81290000,15270381.16728900,0
1719532800000,3446.40000000,3484.13000000,3354.34000000,3374.26000000,9795.20560000,1719619199999,33530372.71954500,99158,5048.36620000,17272585.74238700,0
1719619200000,3374.26000000,3403.06000000,3367.16000000,3373.80000000,4012.32960000,1719705599999,13580873.52346000,40965,2143.33260000,7254424.24757600,0
1719705600000,3374.19000000,3454.93000000,3347.33000000,3433.19000000,4812.45010000,1719791999999,16352744.17434900,63520,2580.90530000,8771032.90827100,0
1719792000000,3433.25000000,3519.09000000,3420.83000000,3439.60000000,10207.45990000,1719878399999,35421965.45399000,84041,4745.92920000,16473573.56868800,0
1719878400000,3438.59000000,3460.59000000,3392.61000000,3416.34000000,7627.59530000,1719964799999,26185459.91355300,71906,3632.17980000,12463403.87038100,0
1719964800000,3416.89000000,3427.19000000,3246.60000000,3292.00000000,12304.94250000,1720051199999,40790658.81384400,113814,5930.45410000,19655739.15349600,0
1720051200000,3292.14000000,3309.78000000,3050.00000000,3058.29000000,24539.01560000,1720137599999,77608166.32617100,231576,10442.15660000,33026428.90347000,0
1720137600000,3058.91000000,3185.41000000,2810.60000000,2982.00000000,37616.52630000,1720223999999,110594322.42576700,431128,15252.26620000,44809273.09659400,0
1720224000000,2981.82000000,3081.81000000,2955.61000000,3067.17000000,10434.74230000,1720310399999,31468244.55593800,183967,4643.92840000,14008306.76508100,0
1720310400000,3067.67000000,3073.31000000,2920.00000000,2930.40000000,9200.22390000,1720396799999,27539689.58902800,96135,4260.89770000,12743273.20112000,0
1720396800000,2930.76000000,3096.00000000,2822.32000000,3019.00000000,25777.58120000,1720483199999,76512428.52383100,281464,12220.90810000,36244373.10900200,0
1720483200000,3018.61000000,3113.80000000,3003.92000000,3066.19000000,13350.35470000,1720569599999,40961435.13681500,150356,6559.01230000,20120772.97689100,0
1720569600000,3066.59000000,3150.61000000,3024.13000000,3101.26000000,11413.29590000,1720655999999,35386603.60133500,180266,5804.20830000,17998146.06073300,0
1720656000000,3099.62000000,3217.00000000,3053.01000000,3099.59000000,16684.51550000,1720742399999,52390960.86138800,197541,8795.16180000,27633379.81774800,0
1720742400000,3099.59000000,3159.50000000,3046.60000000,3134.40000000,10661.09220000,1720828799999,33057485.76974100,93492,5311.02260000,16464492.52370800,0
1720828800000,3134.60000000,3203.00000000,3114.25000000,3176.79000000,8152.60590000,1720915199999,25724970.21280000,84018,3952.85420000,12471901.78777800,0
1720915200000,3176.99000000,3269.49000000,3164.07000000,3245.80000000,12913.93950000,1721001599999,41399486.99092000,131747,6368.15820000,20412175.15374300,0
1721001600000,3245.82000000,3495.86000000,3234.43000000,3485.14000000,21970.80780000,1721087999999,73897700.00364900,428655,10528.68580000,35429336.68271800,0
1721088000000,3485.27000000,3500.00000000,3348.28000000,3446.00000000,21404.90810000,1721174399999,73492406.62230500,271027,10537.66020000,36164467.70238100,0
1721174400000,3446.19000000,3518.40000000,3377.41000000,3387.64000000,16960.71230000,1721260799999,58593482.27948700,219012,7998.21290000,27644039.26781800,0
1721260800000,3387.60000000,3489.40000000,3368.00000000,3425.80000000,16801.24720000,1721347199999,57583075.39533200,185009,8562.49290000,29346423.73299100,0
1721347200000,3425.80000000,3541.40000000,3376.80000000,3505.80000000,21485.02210000,1721433599999,74302514.95185700,256828,10058.94080000,34772965.01670900,0
1721433600000,3505.61000000,3540.80000000,3479.81000000,3518.80000000,10548.53560000,1721519999999,36967455.87788700,102150,5255.26100000,18412339.32262700,0
1721520000000,3518.81000000,3550.29000000,3410.41000000,3536.11000000,15370.69680000,1721606399999,53667840.45585300,127565,7837.51230000,27368679.83266900,0
1721606400000,3536.21000000,3562.95000000,3423.36000000,3440.71000000,18479.19010000,1721692799999,64356334.61480800,159330,9527.93160000,33190405.74001900,0
1721692800000,3440.80000000,3540.00000000,3390.88000000,3483.38000000,32031.06930000,1721779199999,111238074.24623700,247044,16290.91930000,56589771.00137300,0
1721779200000,3483.20000000,3488.40000000,3300.01000000,3335.58000000,20222.31600000,1721865599999,68975760.15226600,197028,9865.29310000,33663041.74999300,0
1721865600000,3335.50000000,3342.07000000,3087.01000000,3174.41000000,37866.94940000,1721951999999,120134569.23295800,333434,19392.62910000,61538489.23451500,0
1721952000000,3174.40000000,3286.40000000,3170.20000000,3275.30000000,19812.07560000,1722038399999,64294786.61138900,130812,9493.05270000,30794113.11888600,0
1722038400000,3275.20000000,3328.11000000,3192.50000000,3249.90000000,17828.01610000,1722124799999,58214260.54550800,126304,7975.25890000,26044114.12975800,0
1722124800000,3249.00000000,3283.91000000,3198.14000000,3270.20000000,8991.03820000,1722211199999,29210149.33405600,61141,4585.96040000,14892979.10618600,0
1722211200000,3270.21000000,3396.21000000,3257.78000000,3317.70000000,23246.97140000,1722297599999,77424425.97282400,146416,11592.99280000,38613317.34472700,0
1722297600000,3317.70000000,3365.91000000,3232.31000000,3278.42000000,17675.20260000,1722383999999,58452683.51482900,135249,9046.71060000,29919422.66446300,0
1722384000000,3278.41000000,3348.40000000,3212.94000000,3231.61000000,20102.61260000,1722470399999,66111730.11722200,142654,10300.24570000,33871497.29854900,0
1722470400000,3231.70000000,3241.80000000,3077.79000000,3200.80000000,27760.86210000,1722556799999,87656805.50061000,174696,13888.64470000,43857269.97383000,0
1722556800000,3200.70000000,3215.40000000,2964.00000000,2986.00000000,31055.45660000,1722643199999,95667562.17379600,177952,14833.61490000,45696275.55224000,0
1722643200000,2986.01000000,3016.31000000,2854.24000000,2902.16000000,21191.40780000,1722729599999,62171125.12913400,90814,10537.78340000,30914655.90277400,0
1722729600000,2901.89000000,2933.67000000,2625.00000000,2688.20000000,29953.05590000,1722815999999,83281071.30675900,155511,14729.02390000,40959754.77667600,0
1722816000000,2687.98000000,2696.60000000,2105.00000000,2420.20000000,152269.61580000,1722902399999,356481740.79855200,669913,77740.28620000,181408962.10674100,0
1722902400000,2420.40000000,2556.80000000,2415.20000000,2462.39000000,47317.68650000,1722988799999,117960229.87982200,179928,24462.28570000,60980244.16813800,0
1722988800000,2462.15000000,2552.38000000,2309.79000000,2343.75000000,44138.12120000,1723075199999,107349213.59473400,184815,23022.05710000,55903626.58565700,0
1723075200000,2343.15000000,2725.11000000,2321.26000000,2683.42000000,44045.95050000,1723161599999,111066497.27162400,220108,22605.92930000,57018638.44592400,0
1723161600000,2683.05000000,2708.18000000,2553.37000000,2599.90000000,27006.30310000,1723247999999,70974133.27389100,125052,14136.74320000,37159012.63527900,0
1723248000000,2599.93000000,2645.69000000,2577.55000000,2610.65000000,10665.67780000,1723334399999,27857480.44491500,44822,5346.36940000,13961457.27154600,0
1723334400000,2610.81000000,2719.99000000,2541.39000000,2555.69000000,18124.95150000,1723420799999,47556739.41309200,78784,8887.86860000,23301002.19771500,0
1723420800000,2555.60000000,2750.41000000,2510.37000000,2723.40000000,30007.06310000,1723507199999,79357686.55163200,137208,15384.33570000,40684043.81433400,0
1723507200000,2723.27000000,2738.82000000,2612.13000000,2703.41000000,20229.63530000,1723593599999,54206389.38541500,90736,10259.87230000,27493225.79351900,0
1723593600000,2703.40000000,2782.99000000,2634.24000000,2662.09000000,19979.52870000,1723679999999,53909423.46397400,106821,9454.98360000,25498595.30493400,0
1723680000000,2662.07000000,2675.73000000,2516.66000000,2570.66000000,20537.56800000,1723766399999,53546871.46764700,88786,9585.80230000,24992534.57562500,0
1723766400000,2570.60000000,2631.20000000,2551.80000000,2593.48000000,14116.40360000,1723852799999,36687643.62994100,65804,6950.34180000,18062696.65273800,0
1723852800000,2593.69000000,2629.00000000,2588.29000000,2615.19000000,4639.91620000,1723939199999,12089693.77006200,23699,2613.14660000,6807538.44789900,0
1723939200000,2614.95000000,2687.27000000,2595.44000000,2611.01000000,10419.45510000,1724025599999,27574407.55668800,52300,5248.59690000,13886160.84885900,0
1724025600000,2612.74000000,2649.00000000,2563.77000000,2637.20000000,13254.90110000,1724111999999,34518826.45614700,51984,6692.06320000,17433232.18949700,0
1724112000000,2637.53000000,2697.21000000,2555.17000000,2572.96000000,18919.73010000,1724198399999,49655591.38862000,74174,9562.07320000,25097577.62757000,0
1724198400000,2572.78000000,2664.80000000,2537.00000000,2631.70000000,14464.08050000,1724284799999,37733082.10064000,76684,6620.37020000,17270733.82260800,0
1724284800000,2631.58000000,2645.50000000,2585.60000000,2623.78000000,11844.86480000,1724371199999,31037090.97259500,51467,4808.79090000,12598456.56595600,0
1724371200000,2623.69000000,2801.80000000,2621.89000000,2764.50000000,18849.94380000,1724457599999,50893074.11084700,95889,8466.00540000,22870560.69017500,0
1724457600000,2764.80000000,2820.89000000,2734.04000000,2769.20000000,16959.25370000,1724543999999,47013970.76305700,73055,7368.21020000,20431250.50840000,0
1724544000000,2769.19000000,2793.40000000,2735.35000000,2747.79000000,19368.63310000,1724630399999,53534993.14271100,136298,9073.76100000,25082959.63151300,0
1724630400000,2747.56000000,2763.55000000,2667.91000000,2681.27000000,11740.43970000,1724716799999,31935760.50862000,70096,5240.69440000,14249639.18932200,0
1724716800000,2681.16000000,2700.51000000,2391.02000000,2458.41000000,28761.29950000,1724803199999,73815150.39583700,172187,13672.76320000,35091561.91690800,0
1724803200000,2458.31000000,2557.74000000,2419.60000000,2528.25000000,25462.07540000,1724889599999,63512839.98728100,152725,12795.55570000,31927189.80017500,0
1724889600000,2528.99000000,2596.24000000,2506.39000000,2528.00000000,13619.01340000,1724975999999,34718530.07020300,86666,6543.80370000,16676453.53219900,0
1724976000000,2527.90000000,2551.68000000,2429.95000000,2525.89000000,20483.20430000,1725062399999,51245642.36768200,133763,9931.61300000,24851257.03284500,0
1725062400000,2525.90000000,2534.17000000,2492.38000000,2513.13000000,5094.99120000,1725148799999,12821465.68123300,38104,2225.13380000,5598784.06996300,0
1725148800000,2512.77000000,2516.20000000,2399.79000000,2426.26000000,14148.91880000,1725235199999,34941765.45518200,79573,6766.00840000,16704103.97783100,0
1725235200000,2426.00000000,2564.09000000,2423.60000000,2537.90000000,13227.97370000,1725321599999,33054123.34829800,72935,6504.67040000,16249374.08300600,0
1725321600000,2537.86000000,2553.40000000,2411.89000000,2424.80000000,12567.14950000,1725407999999,31088893.68817200,65580,6059.29880000,14979452.28373800,0
1725408000000,2424.81000000,2490.00000000,2306.54000000,2450.78000000,31132.34730000,1725494399999,74940036.21119200,136455,13441.39660000,32356974.74174300,0
1725494400000,2450.52000000,2465.99000000,2346.88000000,2368.13000000,24769.71870000,1725580799999,59245688.75790300,137904,14029.11020000,33553465.64605800,0
1725580800000,2368.06000000,2407.88000000,2150.00000000,2224.84000000,59437.07180000,1725667199999,135861229.56387300,239724,29868.57370000,68343747.68113400,0
1725667200000,2224.60000000,2311.42000000,2221.62000000,2273.39000000,26638.75530000,1725753599999,60718615.45842700,135491,12159.48560000,27681339.38206400,0
1725753600000,2273.60000000,2333.28000000,2241.20000000,2297.39000000,25791.65210000,1725839999999,58832055.51522600,122706,12652.81150000,28863877.98710000,0
1725840000000,2297.39000000,2381.81000000,2273.20000000,2360.20000000,36712.34780000,1725926399999,85333897.10170400,183590,18615.71370000,43249193.43781100,0
1725926400000,2360.01000000,2399.89000000,2321.25000000,2388.61000000,23958.82560000,1726012799999,56426204.20436300,130623,11795.35970000,27778372.43697500,0
1726012800000,2388.72000000,2389.59000000,2277.27000000,2340.97000000,37039.77960000,1726099199999,86379789.30283200,210708,18288.87470000,42641242.04323600,0
1726099200000,2340.69000000,2391.89000000,2315.15000000,2362.00000000,21238.51040000,1726185599999,49954127.65705600,138294,10479.85440000,24647602.00574000,0
1726185600000,2362.01000000,2466.83000000,2337.68000000,2440.60000000,24800.85900000,1726271999999,59391817.46458400,135035,11981.42280000,28701117.47874600,0
1726272000000,2441.34000000,2442.74000000,2377.53000000,2418.55000000,11993.72670000,1726358399999,28981193.60459100,65170,5991.30860000,14478382.75446500,0
1726358400000,2418.55000000,2431.08000000,2278.45000000,2316.42000000,19254.85080000,1726444799999,45580729.27459700,115549,10587.66720000,25052971.62981400,0
1726444800000,2316.41000000,2335.23000000,2252.76000000,2295.63000000,37836.52210000,1726531199999,86681566.79998900,227139,18261.44720000,41816146.08384200,0
1726531200000,2295.76000000,2393.80000000,2263.45000000,2342.06000000,29097.50260000,1726617599999,68100543.28974800,94376,14292.34840000,33450671.32598600,0
1726617600000,2342.07000000,2376.20000000,2277.79000000,2374.55000000,37628.71880000,1726703999999,87291202.27616700,139744,18092.83160000,41979102.19954300,0
1726704000000,2375.00000000,2495.62000000,2372.86000000,2466.19000000,34553.64340000,1726790399999,84203011.55119400,102587,17945.54060000,43709157.77166900,0
1726790400000,2466.01000000,2572.40000000,2438.26000000,2561.51000000,27072.71980000,1726876799999,68558221.67723200,81076,13987.27650000,35426137.02888100,0
1726876800000,2562.00000000,2623.20000000,2529.25000000,2613.07000000,12628.79340000,1726963199999,32406552.46450600,34871,6372.91720000,16356416.52887700,0
1726963200000,2612.86000000,2632.60000000,2525.01000000,2580.82000000,19501.79270000,1727049599999,50332081.07156200,62499,9447.99940000,24390126.24952000,0
1727049600000,2581.19000000,2702.77000000,2540.40000000,2646.92000000,36868.56640000,1727135999999,97735834.16928300,141199,17993.26090000,47698016.92016000,0
1727136000000,2646.92000000,2671.41000000,2592.01000000,2653.60000000,29557.28230000,1727222399999,77898793.44918800,128618,14613.39260000,38514742.92656300,0
1727222400000,2653.60000000,2673.54000000,2554.68000000,2579.92000000,24263.85470000,1727308799999,63387379.83903200,112138,11399.52130000,29784631.00275500,0
1727308800000,2579.97000000,2667.01000000,2559.17000000,2632.72000000,30694.26710000,1727395199999,80635796.14727300,130848,15066.51150000,39587586.81711000,0
1727395200000,2632.92000000,2728.80000000,2615.89000000,2695.17000000,28505.73560000,1727481599999,76249069.04541600,134964,14503.22780000,38802693.21455400,0
1727481600000,2695.28000000,2704.99000000,2650.96000000,2676.00000000,11117.93040000,1727567999999,29771703.83912900,59604,5602.38670000,15002037.88940200,0
1727568000000,2675.92000000,2683.98000000,2633.85000000,2658.15000000,12473.51690000,1727654399999,33153491.17753000,76565,5895.53230000,15669308.49710000,0
1727654400000,2658.15000000,2663.95000000,2574.31000000,2601.70000000,30540.84060000,1727740799999,79874358.00156200,160619,14544.94140000,38028098.05869400,0
1727740800000,2601.71000000,2658.20000000,2413.81000000,2448.00000000,67624.03180000,1727827199999,170923611.50834600,225719,32895.14990000,83099295.87549400,0
1727827200000,2447.43000000,2498.58000000,2352.30000000,2364.06000000,41920.99990000,1727913599999,102023530.72937200,129661,21060.54230000,51268272.10758600,0
1727913600000,2363.92000000,2403.20000000,2309.60000000,2349.74000000,41333.81510000,1727999999999,97066970.19293200,115977,20046.38210000,47074798.00902800,0
1728000000000,2349.88000000,2441.10000000,2339.14000000,2414.49000000,29093.87760000,1728086399999,69601854.47345100,77255,15092.53280000,36099801.36887400,0
1728086400000,2414.49000000,2428.40000000,2390.02000000,2414.29000000,9670.27800000,1728172799999,23307862.98270600,29693,4568.06270000,11008877.39502700,0
1728172800000,2414.49000000,2457.56000000,2406.93000000,2440.00000000,10163.13790000,1728259199999,24721784.30925400,30346,4814.92780000,11713472.64208400,0
1728259200000,2439.99000000,2520.36000000,2403.01000000,2422.81000000,40737.16310000,1728345599999,100582955.11326700,93872,20598.20060000,50865897.15624700,0
1728345600000,2422.21000000,2464.68000000,2400.24000000,2439.65000000,24846.55320000,1728431999999,60436451.83716600,68389,12369.52880000,30087498.48530400,0
1728432000000,2439.65000000,2472.42000000,2349.78000000,2368.88000000,30193.31280000,1728518399999,73182890.10351400,81112,15620.56610000,37873438.53693100,0
1728518400000,2368.79000000,2418.47000000,2327.14000000,2384.57000000,36547.05010000,1728604799999,86924690.13347200,89404,18278.49750000,43460001.06377800,0
1728604800000,2384.57000000,2471.28000000,2380.39000000,2438.88000000,26543.29830000,1728691199999,64439547.39413200,69361,13013.66820000,31600290.31073600,0
1728691200000,2439.18000000,2489.89000000,2433.80000000,2475.96000000,14323.98230000,1728777599999,35289905.41987600,41666,7463.73560000,18391475.20822100,0
1728777600000,2475.96000000,2484.70000000,2436.21000000,2468.17000000,13133.58600000,1728863999999,32313604.91089500,42047,6744.02600000,16600942.97219400,0
1728864000000,2468.17000000,2654.47000000,2442.94000000,2629.36000000,56925.83970000,1728950399999,146560491.15340400,130175,29688.31450000,76447951.71484100,0
1728950400000,2629.19000000,2688.28000000,2537.70000000,2607.02000000,49268.67830000,1729036799999,128029120.74300200,136688,24012.27160000,62390046.07878200,0
1729036800000,2606.92000000,2647.03000000,2588.81000000,2610.95000000,38388.90550000,1729123199999,100524719.49070300,97945,17952.49380000,47008151.99000400,0
1729123200000,2610.96000000,2647.51000000,2575.05000000,2604.98000000,30314.73920000,1729209599999,79168571.61441300,82272,14412.39460000,37636482.83011600,0
1729209600000,2605.24000000,2676.00000000,2595.84000000,2641.93000000,33266.56340000,1729295999999,87708047.82049600,93260,16156.28790000,42598446.36860800,0
1729296000000,2642.36000000,2663.10000000,2631.15000000,2648.21000000,8957.11190000,1729382399999,23686432.11913200,36209,4263.51960000,11273359.40886500,0
1729382400000,2648.27000000,2758.50000000,2635.49000000,2746.29000000,24057.87760000,1729468799999,64931396.60171600,83228,12550.04500000,33889398.38792100,0
1729468800000,2746.43000000,2768.91000000,2654.60000000,2665.85000000,42096.30280000,1729555199999,113832201.95981500,102092,20240.58010000,54747961.14966800,0
1729555200000,2665.84000000,2670.76000000,2605.12000000,2621.78000000,36718.78770000,1729641599999,96581340.88602100,114835,17535.83130000,46122572.63325600,0
1729641600000,2621.54000000,2627.46000000,2447.92000000,2522.42000000,44599.02670000,1729727999999,113066168.77583100,131688,21597.88830000,54729762.95803100,0
1729728000000,2522.41000000,2559.98000000,2505.53000000,2534.61000000,32223.72110000,1729814399999,81624647.87069200,106895,14878.92820000,37692316.93223600,0
1729814400000,2534.62000000,2565.19000000,2379.41000000,2436.23000000,59373.04350000,1729900799999,147800780.88172500,170184,28827.85540000,71726820.59440700,0
1729900800000,2436.11000000,2504.75000000,2425.92000000,2479.59000000,20227.81560000,1729987199999,49743747.25777600,64052,9776.48330000,24040867.41262100,0
1729987200000,2479.76000000,2524.82000000,2461.30000000,2505.20000000,11792.89020000,1730073599999,29360938.32107100,52343,5765.39510000,14353627.15372700,0
1730073600000,2505.30000000,2588.20000000,2469.11000000,2566.21000000,42279.48770000,1730159999999,106457621.85945100,114467,21897.71790000,55131292.15589400,0
1730160000000,2566.20000000,2681.55000000,2559.86000000,2638.34000000,62602.79850000,1730246399999,164254951.46272900,155973,31610.13450000,82918039.90923700,0
1730246400000,2638.40000000,2721.29000000,2599.55000000,2658.40000000,44423.99420000,1730332799999,118577393.53315000,146123,22188.24750000,59222394.50370400,0
1730332800000,2658.43000000,2668.18000000,2500.00000000,2515.24000000,68858.79110000,1730419199999,176762351.95842400,169487,34205.07920000,87764204.11846000,0
1730419200000,2515.07000000,2585.20000000,2465.07000000,2510.40000000,50728.95250000,1730505599999,127774148.25523300,155753,24819.09460000,62525031.87613900,0
1730505600000,2510.40000000,2522.58000000,2469.50000000,2493.58000000,14289.24380000,1730591999999,35623377.79378000,52407,6820.33920000,17002538.36165000,0
1730592000000,2493.58000000,2495.77000000,2409.80000000,2456.60000000,46771.64510000,1730678399999,114441519.45897300,137334,22771.07050000,55707160.46596200,0
1730678400000,2456.78000000,2489.99000000,2356.43000000,2397.12000000,42570.53440000,1730764799999,103427121.59134200,125556,21941.71220000,53317187.15329900,0
1730764800000,2396.94000000,2479.60000000,2379.45000000,2422.40000000,43961.48840000,1730851199999,107050798.03743800,147645,21416.71930000,52138198.45654300,0
1730851200000,2422.52000000,2747.55000000,2420.21000000,2724.67000000,140020.79030000,1730937599999,365243909.17372800,376771,69013.49530000,179961405.00848600,0
1730937600000,2724.40000000,2920.27000000,2701.87000000,2897.59000000,85663.07420000,1731023999999,243020746.34775800,304235,41686.47380000,118213027.18677700,0
1731024000000,2897.99000000,2985.20000000,2889.52000000,2963.99000000,59056.14300000,1731110399999,173062544.41317100,220310,28591.80270000,83786232.84179000,0
1731110400000,2964.09000000,3163.30000000,2956.82000000,3127.82000000,53516.00410000,1731196799999,162626982.03661100,190272,26762.37010000,81327881.83781100,0
1731196800000,3127.82000000,3252.34000000,3070.77000000,3186.02000000,104642.66130000,1731283199999,333036440.86994500,331547,52085.28110000,165765504.71258000,0
1731283200000,3186.01000000,3391.41000000,3108.01000000,3376.00000000,124145.76840000,1731369599999,403250188.24900000,437084,64173.36430000,208460363.66215500,0
1731369600000,3376.00000000,3450.00000000,3170.00000000,3247.58000000,129356.51290000,1731455999999,427247718.69944100,524272,65296.30220000,215775584.38683300,0
1731456000000,3247.58000000,3338.95000000,3121.57000000,3191.38000000,102293.73950000,1731542399999,328892618.09525400,390534,51247.66860000,164757724.23988000,0
1731542400000,3191.39000000,3242.47000000,3026.00000000,3059.10000000,84152.51170000,1731628799999,265512978.28819400,256028,42252.34190000,133355118.22421400,0
1731628800000,3058.69000000,3131.37000000,3014.60000000,3091.04000000,69798.17020000,1731715199999,213975585.99818600,218311,37330.29900000,114442120.69779500,0
1731715200000,3090.64000000,3220.43000000,3073.07000000,3134.41000000,40196.77570000,1731801599999,126581259.87493100,141225,20921.13280000,65867728.12635000,0
1731801600000,3135.00000000,3161.70000000,3036.36000000,3076.34000000,46244.76090000,1731887999999,143353933.88678900,169688,23814.92440000,73822881.43804900,0
1731888000000,3076.90000000,3225.73000000,3050.00000000,3209.62000000,58043.80650000,1731974399999,181723029.42734600,188973,29802.86770000,93344384.92144700,0
1731974400000,3209.42000000,3223.13000000,3070.12000000,3112.06000000,49673.77080000,1732060799999,155031500.37163700,156500,24451.43010000,76321187.80773600,0
1732060800000,3111.61000000,3161.50000000,3032.21000000,3072.17000000,54273.63980000,1732147199999,168001219.54135200,164514,26209.58280000,81136172.84545400,0
1732147200000,3072.23000000,3390.12000000,3035.55000000,3359.81000000,95756.79460000,1732233599999,311430143.58753800,270042,48510.44940000,157745115.21308900,0
1732233600000,3359.44000000,3429.16000000,3261.00000000,3331.80000000,67665.58380000,1732319999999,225259299.43604400,215899,33416.55720000,111266857.80117000,0
1732320000000,3332.15000000,3500.00000000,3316.81000000,3397.21000000,68050.31250000,1732406399999,231414846.10395000,234957,34361.03740000,116856006.55585800,0
1732406400000,3397.39000000,3453.42000000,3285.71000000,3364.79000000,45429.05460000,1732492799999,152506709.61473300,170137,22752.36850000,76387468.74838900,0
1732492800000,3365.56000000,3547.00000000,3304.45000000,3414.92000000,99848.00340000,1732579199999,344429682.47651100,317498,50976.91840000,175908119.88295900,0
1732579200000,3414.02000000,3462.78000000,3252.69000000,3323.23000000,70342.47600000,1732665599999,235384390.09343800,259237,33007.91440000,110559055.26439800,0
1732665600000,3323.23000000,3688.73000000,3301.42000000,3657.42000000,84147.72570000,1732751999999,295537639.69012300,269019,41228.69700000,144865132.58267700,0
1732752000000,3657.22000000,3665.38000000,3530.94000000,3579.39000000,59743.48080000,1732838399999,214725461.66783600,195201,27722.49120000,99636455.09065500,0
1732838400000,3579.41000000,3649.00000000,3535.49000000,3593.59000000,40543.82200000,1732924799999,145531745.23531100,139342,21108.10250000,75781514.21700500,0
1732924800000,3593.59000000,3740.92000000,3570.10000000,3706.10000000,45273.10430000,1733011199999,166352216.89754300,150108,23910.62500000,87872711.88895700,0
1733011200000,3706.14000000,3749.41000000,3661.62000000,3710.35000000,38085.57490000,1733097599999,141201237.66284100,132838,19299.00210000,71554762.66646100,0
1733097600000,3709.98000000,3763.00000000,3556.91000000,3644.66000000,90438.09950000,1733183999999,328761583.16388400,247567,45913.57840000,166886418.01538500,0
1733184000000,3644.66000000,3670.69000000,3501.68000000,3617.21000000,59711.82750000,1733270399999,214919256.65730700,203185,29185.39630000,105001268.50179000,0
1733270400000,3617.29000000,3896.94000000,3617.22000000,3844.00000000,104739.80580000,1733356799999,394156962.59330800,294604,54048.44080000,203349473.94785900,0
1733356800000,3843.73000000,3959.21000000,3635.67000000,3789.01000000,129684.39270000,1733443199999,500873917.69380600,339130,63371.73550000,244757138.04506400,0
1733443200000,3789.45000000,4095.57000000,3781.61000000,4005.61000000,106668.48070000,1733529599999,422131165.07404000,255918,55818.22940000,221090084.97275400,0
1733529600000,4005.61000000,4030.39000000,3973.73000000,4000.44000000,29653.64040000,1733615999999,118607553.93389100,97007,14374.99870000,57500516.48451400,0
1733616000000,4000.45000000,4018.79000000,3926.55000000,4007.20000000,26931.74760000,1733702399999,107231155.08096300,83485,12845.73660000,51145838.34265600,0
1733702400000,4008.00000000,4045.00000000,3505.00000000,3713.60000000,123999.32040000,1733788799999,470516266.41553900,344731,60817.08960000,230970728.27070700,0
1733788800000,3713.60000000,3782.16000000,3513.56000000,3630.82000000,127079.27640000,1733875199999,464043321.57195400,341636,64474.19280000,235453342.03335300,0
1733875200000,3630.64000000,3851.80000000,3565.01000000,3834.96000000,66328.15600000,1733961599999,247170118.45835600,180407,32692.91530000,121858958.44801900,0
1733961600000,3834.96000000,3989.59000000,3799.26000000,3882.57000000,101688.04220000,1734047999999,398730556.71164400,229367,51032.82390000,200192799.53896200,0
1734048000000,3882.56000000,3968.98000000,3854.61000000,3907.62000000,55825.28860000,1734134399999,218416342.03613300,145629,27533.87020000,107726559.04804000,0
1734134400000,3908.04000000,3945.98000000,3825.13000000,3869.69000000,34383.41030000,1734220799999,133526871.92984800,96210,17158.23600000,66631883.87665700,0
1734220800000,3869.63000000,3973.75000000,3830.91000000,3958.17000000,40511.34380000,1734307199999,157609804.61978400,102837,21463.70040000,83528435.79776300,0
1734307200000,3958.45000000,4108.93000000,3882.07000000,3987.32000000,97745.38270000,1734393599999,390184589.34130200,219582,53278.20960000,212752436.67578900,0
1734393600000,3988.60000000,4041.72000000,3850.00000000,3893.36000000,65851.77300000,1734479999999,261310827.19733900,171456,32444.60530000,128794043.96599500,0
1734480000000,3893.03000000,3906.74000000,3616.32000000,3624.83000000,95530.52210000,1734566399999,361922956.68552400,256634,45649.00380000,172893422.35458600,0
1734566400000,3624.89000000,3718.60000000,3322.00000000,3414.38000000,146091.33190000,1734652799999,514844990.31838300,378447,72355.50170000,254967957.69691000,0
1734652800000,3414.62000000,3497.34000000,3095.00000000,3469.64000000,193946.23560000,1734739199999,642881688.74512100,470570,97247.36130000,322326564.72567400,0
1734739200000,3470.78000000,3553.78000000,3290.77000000,3337.17000000,77894.88320000,1734825599999,265711125.20888800,202650,39098.35370000,133356548.09626500,0
1734825600000,3337.17000000,3400.35000000,3217.80000000,3278.50000000,37281.54910000,1734911999999,123652592.64617100,146518,18792.74750000,62346069.35535500,0
1734912000000,3279.02000000,3461.99000000,3214.20000000,3418.21000000,104967.33160000,1734998399999,348688908.07107000,278853,53876.42660000,178940274.39472500,0
1734998400000,3418.21000000,3537.41000000,3353.02000000,3491.11000000,51563.66700000,1735084799999,177416146.32986100,140154,27502.98130000,94645210.86401500,0
1735084800000,3490.74000000,3545.00000000,3437.60000000,3494.21000000,36225.44070000,1735171199999,126270379.77147800,101292,17220.24240000,59982577.05847800,0
1735171200000,3494.67000000,3512.38000000,3301.42000000,3330.80000000,48147.45250000,1735257599999,162421641.00939500,126324,25284.30470000,85251802.16628700,0
1735257600000,3330.81000000,3438.29000000,3302.20000000,3328.99000000,46837.63380000,1735343999999,157202260.33782800,145385,23690.58390000,79476583.48180000,0
1735344000000,3328.67000000,3423.22000000,3317.21000000,3397.68000000,22062.40510000,1735430399999,74202459.32793200,62484,11403.14620000,38353191.13846800,0
1735430400000,3397.82000000,3407.79000000,3319.85000000,3350.00000000,26465.41980000,1735516799999,89066917.71701000,74779,14124.06860000,47530023.76907700,0
1735516800000,3350.15000000,3430.02000000,3291.56000000,3355.61000000,54368.27270000,1735603199999,183103103.13982400,149751,28066.76990000,94546419.40911300,0
1735603200000,3355.64000000,3445.87000000,3310.18000000,3330.81000000,33138.93860000,1735689599999,111746904.35001100,96345,17119.52620000,57741285.48789800,0
