1544842800000,3200.00000000,3312.32000000,3000.00000000,3225.97000000,2.37400600,1544846399999,7253.66791378,45,1.33205500,4058.29593442,0
1544846400000,3225.97000000,3228.10000000,3205.58000000,3228.10000000,2.41051800,1544849999999,7746.10665942,27,1.41201400,4545.07200991,0
1544850000000,3228.10000000,3228.10000000,3204.06000000,3222.87000000,3.51406800,1544853599999,11297.19032985,23,2.66435600,8574.40195923,0
1544853600000,3225.68000000,3225.80000000,3199.87000000,3199.87000000,2.22041100,1544857199999,7109.08651881,24,0.10895300,351.42684786,0
1544857200000,3199.88000000,3220.15000000,3191.44000000,3205.42000000,46.16484600,1544860799999,147745.16262950,41,1.71135400,5509.95804068,0
1544860800000,3194.00000000,3208.86000000,3191.96000000,3198.48000000,3.47325200,1544864399999,11107.86315495,47,3.04022900,9724.99506335,0
1544864400000,3191.94000000,3199.20000000,3145.83000000,3166.29000000,6.69941000,1544867999999,21148.38132142,84,1.49130000,4729.37536775,0
1544868000000,3162.75000000,3167.56000000,3124.31000000,3124.31000000,34.44205800,1544871599999,108233.97401636,141,33.84324600,106355.81955264,0
1544871600000,3124.31000000,3186.00000000,3124.31000000,3133.70000000,1.07512100,1544875199999,3395.23302453,30,0.84068300,2662.77603675,0
1544875200000,3125.10000000,3180.00000000,3124.31000000,3124.31000000,3.50425000,1544878799999,11050.68093615,20,2.73380300,8615.08113299,0
1544878800000,3140.01000000,3179.99000000,3124.30000000,3164.83000000,44.01010400,1544882399999,138003.83683199,33,0.38090000,1209.11232125,0
1544882400000,3156.99000000,3171.64000000,3138.15000000,3150.92000000,30.88916900,1544885999999,97489.66535224,29,27.28328600,86140.80443686,0
1544886000000,3154.07000000,3161.41000000,3130.99000000,3138.72000000,5.31025100,1544889599999,16657.89884152,50,2.63041300,8252.78935303,0
1544889600000,3138.74000000,3160.85000000,3138.41000000,3152.35000000,3.13307600,1544893199999,9863.24205332,50,1.02260500,3221.25709960,0
1544893200000,3154.41000000,3161.00000000,3142.18000000,3145.39000000,2.26720400,1544896799999,7147.59057639,34,0.51106400,1612.20350388,0
1544896800000,3154.32000000,3160.00000000,3141.55000000,3149.29000000,4.71570800,1544900399999,14825.66912728,17,0.02406100,75.95611234,0
1544900400000,3149.29000000,3172.78000000,3149.29000000,3171.40000000,21.54662700,1544903999999,68130.08562787,119,11.42340200,36115.16662680,0
1544904000000,3172.78000000,3197.44000000,3156.63000000,3188.00000000,4.34095300,1544907599999,13807.88463438,51,0.91233100,2905.41343224,0
1544907600000,3188.00000000,3205.13000000,3157.68000000,3202.13000000,11.28042000,1544911199999,35949.97059104,83,5.80247900,18483.50937747,0
1544911200000,3207.70000000,3212.72000000,3192.03000000,3197.10000000,27.18319200,1544914799999,86946.24045331,50,24.68560800,78942.51815915,0
1544914800000,3189.79000000,3191.66000000,3177.12000000,3183.47000000,22.65921500,1544918399999,72137.20345288,52,17.78493100,56623.30656001,0
1544918400000,3183.47000000,3188.33000000,3179.00000000,3179.92000000,5.34663000,1544921999999,17024.06852492,43,2.10449200,6708.50021251,0
1544922000000,3183.09000000,3190.87000000,3178.54000000,3181.82000000,40.45169600,1544925599999,128695.59610943,257,19.61477000,62363.19353625,0
1544925600000,3180.51000000,3234.85000000,3180.50000000,3215.93000000,47.87505800,1544929199999,154178.21388134,153,37.85931300,122215.93988779,0
1544929200000,3215.93000000,3244.10000000,3215.93000000,3237.84000000,20.49458000,1544932799999,66416.84128678,61,12.43509100,40313.32713613,0
1544932800000,3237.84000000,3250.07000000,3236.80000000,3240.32000000,14.50331200,1544936399999,47067.30215665,77,7.77620800,25230.61572085,0
1544936400000,3233.89000000,3236.65000000,3231.05000000,3231.05000000,13.44992100,1544939999999,43513.11773176,18,9.83661100,31835.73118534,0
1544940000000,3238.27000000,3246.98000000,3238.27000000,3245.84000000,6.52015200,1544943599999,21159.17991389,52,1.76555600,5727.62308194,0
1544943600000,3245.84000000,3248.54000000,3215.60000000,3216.48000000,34.60817900,1544947199999,111850.03921123,43,33.26989800,107528.93915366,0
1544947200000,3225.37000000,3228.01000000,3207.96000000,3210.69000000,5.39433800,1544950799999,17348.09381238,56,0.35591500,1146.72095550,0
1544950800000,3216.40000000,3221.83000000,3208.77000000,3221.25000000,36.12009500,1544954399999,115935.42177835,23,2.59710100,8355.46590765,0
1544954400000,3221.52000000,3239.00000000,3221.52000000,3225.23000000,21.60565200,1544957999999,69819.77028464,42,11.60902800,37527.57696554,0
1544958000000,3235.00000000,3239.47000000,3222.40000000,3239.47000000,23.32732200,1544961599999,75421.34540376,27,19.37524400,62664.25900517,0
1544961600000,3239.49000000,3257.31000000,3233.63000000,3233.63000000,31.15555500,1544965199999,101053.72392441,88,15.72410100,51012.57201010,0
1544965200000,3233.63000000,3233.63000000,3218.00000000,3221.00000000,3.36090300,1544968799999,10842.33158185,20,0.53027400,1710.62404014,0
1544968800000,3221.00000000,3230.72000000,3191.30000000,3201.46000000,19.13950200,1544972399999,61380.39229071,62,0.44574800,1431.89329487,0
1544972400000,3205.13000000,3225.79000000,3189.39000000,3206.22000000,3.24732300,1544975999999,10401.47703170,33,0.54060900,1734.33294493,0
1544976000000,3211.55000000,3220.24000000,3208.00000000,3211.00000000,14.06831100,1544979599999,45240.69400805,62,10.53527300,33887.32548007,0
1544979600000,3220.24000000,3220.24000000,3201.00000000,3201.00000000,13.35867700,1544983199999,42808.43553222,83,0.83416100,2683.45070449,0
1544983200000,3201.00000000,3215.88000000,3200.00000000,3202.34000000,12.51993400,1544986799999,40071.67628049,42,0.45667600,1466.80459019,0
1544986800000,3203.34000000,3241.17000000,3203.34000000,3238.96000000,16.18103300,1544990399999,52335.98255861,46,11.00431000,35618.88422035,0
1544990400000,3225.00000000,3227.91000000,3218.73000000,3219.47000000,3.55160200,1544993999999,11449.00839798,44,1.93406000,6237.15038383,0
1544994000000,3221.66000000,3225.47000000,3207.70000000,3207.70000000,10.47461500,1544997599999,33748.43837885,77,6.45155800,20800.62836775,0
1544997600000,3205.13000000,3205.13000000,3184.71000000,3201.00000000,6.95341600,1545001199999,22205.72599466,28,1.14557000,3667.52474191,0
1545001200000,3201.00000000,3222.72000000,3192.34000000,3199.27000000,19.34072300,1545004799999,61916.52323554,69,5.49844700,17633.84061384,0
1545004800000,3192.69000000,3224.80000000,3192.69000000,3210.00000000,2.02598700,1545008399999,6500.40191214,33,0.44945600,1439.77598834,0
1545008400000,3211.00000000,3211.00000000,3191.07000000,3191.07000000,1.91016500,1545011999999,6102.01881597,15,0.01567400,50.32921400,0
1545012000000,3190.22000000,3205.13000000,3187.25000000,3200.10000000,1.90067500,1545015599999,6068.71390365,15,0.36868000,1179.75700331,0
1545015600000,3205.13000000,3207.70000000,3199.87000000,3205.00000000,4.92370800,1545019199999,15772.26980287,39,2.95775400,9475.41654994,0
1545019200000,3207.68000000,3208.07000000,3197.44000000,3207.23000000,7.38614800,1545022799999,23649.72324480,60,6.72392100,21530.38757202,0
1545022800000,3207.23000000,3222.27000000,3202.15000000,3211.54000000,13.94683700,1545026399999,44744.87596721,131,11.93648200,38295.66028434,0
1545026400000,3215.14000000,3225.00000000,3215.13000000,3215.13000000,7.94766900,1545029999999,25579.21571827,62,5.70942500,18372.91271287,0
1545030000000,3216.75000000,3246.00000000,3214.68000000,3235.01000000,36.65537400,1545033599999,118344.83257668,202,12.61327900,40699.61175589,0
1545033600000,3233.41000000,3254.45000000,3232.54000000,3240.67000000,81.94171800,1545037199999,265256.92368184,50,2.08095600,6745.72987082,0
1545037200000,3231.61000000,3245.24000000,3231.58000000,3234.79000000,6.78345500,1545040799999,21967.55576696,46,4.45723800,14431.35818641,0
1545040800000,3234.79000000,3246.34000000,3228.28000000,3233.91000000,7.18164300,1545044399999,23232.91712462,62,6.01690500,19466.27656748,0
1545044400000,3235.62000000,3242.62000000,3229.74000000,3242.11000000,21.14324800,1545047999999,68463.74881392,44,16.92948200,54845.38168592,0
1545048000000,3242.11000000,3393.97000000,3237.35000000,3385.65000000,211.58428400,1545051599999,701572.52763726,606,132.77867100,438122.86232291,0
1545051600000,3394.00000000,3425.00000000,3372.00000000,3389.21000000,63.98815800,1545055199999,217169.72704268,306,20.59051600,69810.98852295,0
1545055200000,3391.00000000,3413.44000000,3384.54000000,3393.26000000,39.33700300,1545058799999,133667.66496604,156,23.14715600,78634.98516714,0
1545058800000,3393.24000000,3405.98000000,3377.01000000,3403.04000000,21.45116500,1545062399999,72614.70256751,91,6.17008600,20911.15334101,0
1545062400000,3403.40000000,3435.76000000,3394.43000000,3424.76000000,15.40093200,1545065999999,52486.26735833,81,9.17694600,31290.99220407,0
1545066000000,3424.76000000,3441.03000000,3406.00000000,3427.00000000,60.11721100,1545069599999,205603.75876055,298,5.45626100,18697.84878747,0
1545069600000,3424.14000000,3523.00000000,3422.00000000,3522.36000000,42.66150600,1545073199999,147982.70599872,293,19.28818100,66686.61350838,0
1545073200000,3528.00000000,3569.00000000,3450.08000000,3519.93000000,76.35653800,1545076799999,269527.05753160,431,34.87516600,123005.25225077,0
1545076800000,3525.00000000,3587.35000000,3525.00000000,3542.23000000,85.21011000,1545080399999,301909.63137410,471,34.37064400,122159.89384688,0
1545080400000,3557.82000000,3557.82000000,3467.83000000,3495.00000000,306.09451900,1545083999999,1072126.03516926,1158,57.18075100,201185.96432725,0
1545084000000,3495.00000000,3513.94000000,3480.00000000,3480.02000000,38.08555400,1545087599999,133248.19916065,304,19.38846400,67919.18715931,0
1545087600000,3480.02000000,3507.63000000,3437.28000000,3494.65000000,9.90668400,1545091199999,34646.13911743,108,5.56519300,19494.82860588,0
1545091200000,3507.62000000,3530.45000000,3480.03000000,3491.60000000,43.21401000,1545094799999,151938.41434651,254,35.34034600,124296.36406794,0
1545094800000,3491.81000000,3506.85000000,3477.86000000,3493.65000000,9.23435600,1545098399999,32241.51216694,61,6.33324500,22122.29595805,0
1545098400000,3493.65000000,3518.69000000,3489.77000000,3502.24000000,44.29536500,1545101999999,155051.58427286,231,38.37825200,134391.94114046,0
1545102000000,3508.00000000,3539.82000000,3499.41000000,3532.60000000,9.19037000,1545105599999,32390.39754397,106,8.20703800,28936.28596348,0
1545105600000,3526.10000000,3529.06000000,3514.27000000,3519.00000000,14.36608600,1545109199999,50588.01430646,83,3.94046900,13900.47745602,0
1545109200000,3519.33000000,3519.33000000,3475.64000000,3475.64000000,19.06627900,1545112799999,66714.65218731,82,2.90042400,10117.05762920,0
1545112800000,3475.84000000,3504.46000000,3475.64000000,3488.69000000,6.46512500,1545116399999,22560.09860027,47,1.68308200,5879.97361599,0
1545116400000,3489.59000000,3508.55000000,3489.59000000,3503.34000000,15.42123900,1545119999999,54082.03774156,58,11.65343200,40871.19697596,0
1545120000000,3503.34000000,3512.63000000,3437.24000000,3446.76000000,62.38214900,1545123599999,215921.79258946,341,32.12370600,111258.66069261,0
1545123600000,3445.14000000,3452.92000000,3428.34000000,3443.39000000,74.91116700,1545127199999,257609.91975840,206,17.29896200,59601.95448270,0
1545127200000,3443.39000000,3468.97000000,3436.14000000,3461.11000000,12.99772400,1545130799999,44903.41111449,91,10.89315100,37637.88540983,0
1545130800000,3461.11000000,3491.27000000,3440.37000000,3476.76000000,19.52624300,1545134399999,67707.39715135,130,16.20999400,56243.56579064,0
1545134400000,3478.23000000,3480.00000000,3457.50000000,3479.84000000,43.87323700,1545137999999,152362.90811325,121,37.96346300,131917.01581233,0
1545138000000,3474.00000000,3546.09000000,3469.86000000,3532.00000000,181.49912500,1545141599999,633821.86803626,527,105.67803500,368048.43545853,0
1545141600000,3532.00000000,3570.00000000,3512.25000000,3567.59000000,145.00497100,1545145199999,514363.82699358,284,105.33029900,373474.02178825,0
1545145200000,3566.55000000,3569.99000000,3505.34000000,3505.34000000,44.55153000,1545148799999,157786.42908930,277,6.65424900,23533.83578772,0
1545148800000,3510.50000000,3536.14000000,3510.50000000,3515.97000000,22.32852600,1545152399999,78856.78116083,72,18.96219500,66988.96019115,0
1545152400000,3524.31000000,3536.53000000,3493.15000000,3517.00000000,20.90912300,1545155999999,73675.11448134,86,5.07842600,17876.06299296,0
1545156000000,3510.00000000,3510.00000000,3473.84000000,3494.06000000,102.25273900,1545159599999,356701.23336283,229,42.79306800,149460.88970569,0
1545159600000,3494.06000000,3530.00000000,3491.85000000,3526.24000000,48.03719800,1545163199999,168780.18789166,178,35.87652100,126000.92393655,0
1545163200000,3529.52000000,3550.00000000,3499.22000000,3500.00000000,40.54397700,1545166799999,142844.61870206,234,13.78727700,48679.50928590,0
1545166800000,3504.99000000,3543.00000000,3504.46000000,3535.00000000,42.23293400,1545170399999,149201.65503050,140,27.33299900,96603.52839060,0
1545170400000,3535.00000000,3576.66000000,3525.89000000,3563.57000000,52.22887700,1545173999999,185266.51217926,291,29.75023900,105651.43960999,0
1545174000000,3558.07000000,3683.35000000,3558.00000000,3670.11000000,176.60727700,1545177599999,644068.43897871,578,125.60125800,458540.66728519,0
1545177600000,3673.18000000,3695.32000000,3638.96000000,3666.52000000,54.88322200,1545181199999,201031.17158316,425,32.95165500,120862.72482581,0
1545181200000,3666.52000000,3713.69000000,3651.93000000,3689.75000000,60.60105400,1545184799999,223795.94559820,457,28.37692100,104843.67187797,0
1545184800000,3694.16000000,3756.09000000,3674.78000000,3718.71000000,38.04934300,1545188399999,140911.04602662,341,20.62937700,76405.45595840,0
1545188400000,3718.71000000,3766.98000000,3711.46000000,3750.00000000,40.54344900,1545191999999,151486.17742205,371,14.41637800,53953.82572487,0
1545192000000,3750.07000000,3759.99000000,3705.07000000,3719.99000000,31.76964400,1545195599999,118273.00737949,215,12.12758400,45197.90032475,0
1545195600000,3714.62000000,3737.63000000,3711.34000000,3735.57000000,68.38792200,1545199199999,254311.92077375,251,38.71273100,143996.70387071,0
1545199200000,3737.63000000,3760.95000000,3712.15000000,3732.17000000,25.95641800,1545202799999,96885.59416188,222,9.94044500,37118.78744390,0
1545202800000,3726.14000000,3726.14000000,3682.95000000,3711.19000000,31.88933700,1545206399999,117767.53077728,137,4.01497400,14871.52983481,0
1545206400000,3713.00000000,3726.81000000,3700.00000000,3723.84000000,31.15434500,1545209999999,115771.50135791,222,26.90078900,99957.49739519,0
1545210000000,3727.22000000,3765.01000000,3720.00000000,3734.80000000,33.63447400,1545213599999,125922.34675416,214,14.07246600,52768.72284488,0
1545213600000,3734.77000000,3792.31000000,3720.64000000,3780.97000000,60.17845200,1545217199999,227335.06414728,275,31.40970700,118502.18088166,0
1545217200000,3780.47000000,3831.71000000,3769.45000000,3820.35000000,91.76925700,1545220799999,348867.65407721,495,64.26800700,244523.22850123,0
1545220800000,3820.32000000,3846.80000000,3782.42000000,3828.18000000,42.68720200,1545224399999,162511.31908804,212,15.24682300,58083.71351549,0
1545224400000,3828.50000000,3920.00000000,3825.76000000,3863.72000000,97.39866900,1545227999999,377567.26021708,684,54.99706600,213296.57430207,0
1545228000000,3863.37000000,3878.37000000,3775.33000000,3776.00000000,157.82944200,1545231599999,602390.46810640,883,89.11215900,340264.88046208,0
1545231600000,3779.86000000,3820.72000000,3740.00000000,3769.38000000,315.53796600,1545235199999,1190027.82520868,834,153.98651300,581007.76137780,0
1545235200000,3766.41000000,3811.27000000,3760.00000000,3800.28000000,219.84844500,1545238799999,831880.37804158,617,126.99953100,481177.82277373,0
1545238800000,3800.56000000,3856.00000000,3740.00000000,3789.71000000,205.83787500,1545242399999,782958.98525659,888,69.59543200,265530.47846097,0
1545242400000,3783.60000000,3813.87000000,3763.51000000,3792.44000000,134.38047300,1545245999999,510642.68057766,865,40.27392100,153034.58746731,0
1545246000000,3788.61000000,3813.88000000,3765.00000000,3770.00000000,163.97622400,1545249599999,621607.80663182,539,105.51327300,400031.30220061,0
1545249600000,3770.00000000,3775.63000000,3705.43000000,3730.46000000,344.21466300,1545253199999,1283158.53595846,796,141.16907700,526533.78811328,0
1545253200000,3723.84000000,3730.00000000,3618.53000000,3660.87000000,202.49131700,1545256799999,744984.85866993,656,66.36640800,244797.02522227,0
1545256800000,3663.70000000,3722.76000000,3661.87000000,3715.25000000,92.96376800,1545260399999,343016.13428416,442,55.61251400,205444.42985871,0
1545260400000,3715.23000000,3725.81000000,3674.96000000,3676.32000000,109.25986600,1545263999999,405717.95001629,256,72.06030800,267683.60949703,0
1545264000000,3672.15000000,3722.97000000,3657.23000000,3719.74000000,83.54003400,1545267599999,308515.65041767,276,78.39699000,289593.21905942,0
1545267600000,3712.60000000,3749.95000000,3703.04000000,3741.46000000,48.60060300,1545271199999,181179.97176470,175,31.62051300,117901.93277070,0
1545271200000,3741.45000000,3760.78000000,3718.89000000,3726.09000000,41.55996900,1545274799999,155522.06990957,194,9.79035000,36595.78746212,0
1545274800000,3724.26000000,3736.51000000,3703.65000000,3720.41000000,32.78304600,1545278399999,121637.33981735,199,3.81974900,14212.33702303,0
1545278400000,3716.04000000,3743.01000000,3710.00000000,3743.01000000,21.82851600,1545281999999,81508.01978707,141,11.47946000,42903.53294533,0
1545282000000,3736.54000000,3742.81000000,3685.21000000,3688.12000000,47.08692700,1545285599999,174790.74635682,115,7.02766100,26134.71119341,0
1545285600000,3693.99000000,3720.77000000,3673.03000000,3708.81000000,42.02470500,1545289199999,155050.53344123,292,21.66433300,79989.37620692,0
1545289200000,3708.81000000,3734.61000000,3691.64000000,3732.21000000,30.02590300,1545292799999,111390.08862007,175,15.19209600,56397.47130351,0
1545292800000,3734.74000000,4027.00000000,3734.74000000,3977.80000000,343.39064200,1545296399999,1350063.00434928,1474,176.99946800,695988.76378337,0
1545296400000,3973.98000000,4079.94000000,3973.98000000,4077.49000000,242.60688400,1545299999999,981391.33681479,1223,57.67219000,232636.99917382,0
1545300000000,4068.21000000,4109.00000000,4007.00000000,4054.04000000,190.00954000,1545303599999,771216.43435329,601,127.93641000,519914.91680605,0
1545303600000,4054.04000000,4109.00000000,4000.00000000,4022.90000000,77.62416900,1545307199999,314566.51105092,476,45.51624600,184578.92873416,0
1545307200000,4020.01000000,4081.93000000,4019.25000000,4072.73000000,169.52965500,1545310799999,687259.35910643,637,78.62263200,318743.38014843,0
1545310800000,4074.55000000,4112.49000000,3963.31000000,4011.23000000,367.43612200,1545314399999,1477350.72900758,1302,155.85848700,627214.77976477,0
1545314400000,4009.31000000,4037.35000000,3980.45000000,4018.25000000,258.12250300,1545317999999,1035765.23748943,780,141.52848400,568004.78660538,0
1545318000000,4024.04000000,4070.00000000,3983.67000000,4024.32000000,198.31508300,1545321599999,799420.99715459,816,113.94920700,459403.17398377,0
1545321600000,4024.33000000,4160.00000000,3992.28000000,4128.97000000,211.51292400,1545325199999,861307.01915817,1196,96.10938600,393385.95567645,0
1545325200000,4131.11000000,4170.00000000,4030.06000000,4065.28000000,210.34214100,1545328799999,862985.46676177,1201,59.28183500,243538.37561878,0
1545328800000,4059.41000000,4078.97000000,4010.03000000,4046.67000000,62.44391900,1545332399999,253186.63407714,531,21.59214500,87666.32832578,0
1545332400000,4053.01000000,4075.08000000,4019.07000000,4042.88000000,38.50059900,1545335999999,155754.24415652,446,18.39935800,74493.98283034,0
1545336000000,4050.36000000,4057.28000000,3876.00000000,3895.86000000,98.83100500,1545339599999,389128.45719396,934,48.46597900,190731.42004338,0
1545339600000,3891.00000000,4000.00000000,3876.02000000,3994.60000000,47.06347400,1545343199999,185713.91171518,529,25.01746000,98601.77277773,0
1545343200000,3996.23000000,4092.00000000,3994.45000000,4065.07000000,38.58215100,1545346799999,155955.39158380,469,18.98153600,76727.10789112,0
1545346800000,4065.07000000,4093.05000000,4044.54000000,4074.68000000,35.43823500,1545350399999,144368.57117927,387,14.56712200,59357.91232069,0
1545350400000,4069.39000000,4074.68000000,4018.23000000,4060.00000000,37.63015600,1545353999999,152132.09104448,438,18.86942100,76323.12354478,0
1545354000000,4055.03000000,4152.35000000,4029.92000000,4129.36000000,38.43561100,1545357599999,157016.00320229,528,19.70216000,80713.19072176,0
1545357600000,4129.95000000,4152.35000000,4003.54000000,4041.91000000,75.69152200,1545361199999,307071.59472510,683,29.26867500,119086.74258591,0
1545361200000,4041.91000000,4054.78000000,3972.64000000,4051.21000000,29.32016100,1545364799999,117960.04386426,364,17.58592700,70821.51286939,0
1545364800000,4051.21000000,4054.79000000,4001.00000000,4020.53000000,26.65725200,1545368399999,107384.92910977,329,16.89220400,67991.16561792,0
1545368400000,4012.29000000,4023.89000000,3900.02000000,3945.36000000,44.05144300,1545371999999,174510.83850593,490,18.90379300,75003.49151568,0
1545372000000,3945.36000000,4021.52000000,3945.24000000,3990.91000000,87.05625000,1545375599999,348482.68754180,639,11.12203700,44354.45192182,0
1545375600000,3993.87000000,4015.55000000,3962.27000000,4015.55000000,45.04534300,1545379199999,179945.89241080,401,6.45889500,25807.76923297,0
1545379200000,4019.63000000,4060.00000000,4007.00000000,4036.65000000,52.80790700,1545382799999,212782.31185331,461,45.94416200,185162.69188138,0
1545382800000,4030.14000000,4036.65000000,3967.00000000,3973.99000000,40.29123200,1545386399999,161333.00530354,425,13.47805400,53926.06872431,0
1545386400000,3973.99000000,4046.00000000,3958.93000000,4002.87000000,15.27222500,1545389999999,60988.35111063,176,10.64287000,42528.02237310,0
1545390000000,4002.59000000,4032.58000000,3999.92000000,4025.36000000,26.51399700,1545393599999,106497.15933973,237,2.22724400,8951.68828478,0
1545393600000,4015.98000000,4099.99000000,3960.00000000,4033.87000000,46.41582500,1545397199999,188178.75967018,537,27.29180300,110920.17354422,0
1545397200000,4033.84000000,4100.00000000,4006.54000000,4029.24000000,30.97231500,1545400799999,125407.98594701,338,16.79310400,68283.76252899,0
1545400800000,4029.28000000,4056.33000000,4000.44000000,4025.00000000,61.08209100,1545404399999,246237.75814528,438,29.27050400,118218.33324140,0
1545404400000,4025.00000000,4031.83000000,3952.66000000,3966.17000000,44.13524900,1545407999999,176205.35056916,396,13.18858400,52551.85411573,0
1545408000000,3967.60000000,4000.00000000,3920.00000000,3931.78000000,59.19795400,1545411599999,234096.38106547,483,21.46318700,84638.16309737,0
1545411600000,3935.94000000,3987.97000000,3920.00000000,3945.51000000,24.19549600,1545415199999,95490.72988914,325,9.74733900,38456.50862969,0
1545415200000,3938.46000000,3951.60000000,3871.00000000,3928.91000000,38.75232100,1545418799999,151453.57273036,453,18.08639800,70695.06477124,0
1545418800000,3938.60000000,3958.93000000,3790.00000000,3817.12000000,73.36306400,1545422399999,281793.37145304,754,36.78342400,141712.73021793,0
1545422400000,3804.66000000,3840.16000000,3720.00000000,3792.37000000,134.58373400,1545425999999,510995.95838565,770,41.77427100,158946.19524762,0
1545426000000,3790.00000000,3999.00000000,3777.62000000,3847.77000000,77.63413900,1545429599999,297737.93514251,682,51.47541600,197589.67098905,0
1545429600000,3847.83000000,3861.16000000,3807.58000000,3829.87000000,62.13851600,1545433199999,239097.21714804,337,22.93692600,88127.93632810,0
1545433200000,3817.17000000,3850.00000000,3807.57000000,3842.20000000,9.56768600,1545436799999,36668.55465784,174,5.28629200,20269.45276765,0
1545436800000,3843.93000000,3875.19000000,3834.51000000,3835.94000000,26.92044800,1545440399999,103605.64358793,240,16.76956000,64571.07665257,0
1545440400000,3835.94000000,3840.16000000,3807.66000000,3820.94000000,11.66599500,1545443999999,44568.61342895,223,5.77479400,22085.11948246,0
1545444000000,3822.00000000,3841.48000000,3800.48000000,3835.94000000,10.48219300,1545447599999,40065.77430708,168,5.68026300,21719.80218421,0
1545447600000,3841.48000000,3847.53000000,3818.01000000,3822.53000000,12.93594000,1545451199999,49566.01944192,112,6.76640500,25951.33342647,0
1545451200000,3822.53000000,3842.64000000,3792.38000000,3815.65000000,7.99184200,1545454799999,30458.98492488,180,3.96406000,15142.02646060,0
1545454800000,3808.28000000,3824.25000000,3787.28000000,3823.62000000,10.42128100,1545458399999,39601.23923368,96,1.91805300,7291.87466206,0
1545458400000,3828.24000000,3845.00000000,3817.99000000,3827.77000000,25.82433300,1545461999999,98918.94322207,151,22.58310500,86473.18241601,0
1545462000000,3826.83000000,3850.00000000,3819.59000000,3843.21000000,7.32840000,1545465599999,28124.17677431,133,3.61286600,13861.99939171,0
1545465600000,3839.40000000,3861.11000000,3827.62000000,3834.46000000,27.19763800,1545469199999,104654.89922136,176,21.57616500,83063.27425613,0
1545469200000,3837.65000000,3930.00000000,3837.65000000,3930.00000000,61.51000100,1545472799999,240454.86797933,362,48.28516600,188770.52584645,0
1545472800000,3928.25000000,3928.49000000,3890.78000000,3897.00000000,14.09710000,1545476399999,55108.17681452,158,7.25906900,28365.18173645,0
1545476400000,3898.81000000,3907.06000000,3868.78000000,3876.59000000,22.13166200,1545479999999,85951.29912672,180,4.37481500,16993.42763917,0
1545480000000,3882.96000000,3883.88000000,3835.00000000,3840.05000000,134.12407300,1545483599999,516930.28272448,661,2.91046300,11217.24009540,0
1545483600000,3835.15000000,3855.00000000,3817.95000000,3823.70000000,56.24579600,1545487199999,215731.45859198,447,14.36077900,55093.93083687,0
1545487200000,3827.09000000,3840.95000000,3795.00000000,3833.57000000,71.77455800,1545490799999,273423.49944604,283,17.55098800,66817.64730207,0
1545490800000,3832.00000000,3849.99000000,3820.98000000,3835.15000000,28.05746300,1545494399999,107688.12562207,173,14.70010100,56438.17683194,0
1545494400000,3838.99000000,3879.50000000,3805.59000000,3850.00000000,20.64916600,1545497999999,79297.37183000,237,9.53075900,36595.19007413,0
1545498000000,3856.43000000,3856.44000000,3835.00000000,3849.45000000,48.28903700,1545501599999,185550.09136843,199,5.10704400,19642.12607743,0
1545501600000,3851.58000000,3885.00000000,3845.80000000,3870.00000000,15.35897500,1545505199999,59254.12335668,151,11.25330900,43438.03535194,0
1545505200000,3870.00000000,3902.73000000,3852.96000000,3889.11000000,12.86779700,1545508799999,49908.85274030,221,10.35944500,40176.69997894,0
1545508800000,3896.01000000,4030.00000000,3876.84000000,3904.58000000,42.26829800,1545512399999,165656.31911484,303,27.65100300,108482.10533567,0
1545512400000,3900.86000000,3914.25000000,3888.15000000,3896.00000000,5.49138400,1545515999999,21413.27806121,93,3.13321700,12214.47999596,0
1545516000000,3878.20000000,3878.20000000,3845.80000000,3871.58000000,43.22928900,1545519599999,166682.53988812,446,6.31834300,24359.95826124,0
1545519600000,3871.60000000,4010.19000000,3871.60000000,3981.71000000,41.94945200,1545523199999,166251.89672891,532,26.66046400,105828.46030133,0
1545523200000,3974.14000000,4005.41000000,3959.77000000,4003.53000000,30.13903100,1545526799999,119967.96051065,401,14.12070900,56300.64142840,0
1545526800000,3992.62000000,4016.46000000,3976.43000000,3988.42000000,33.73548000,1545530399999,134909.72765502,353,14.44267300,57795.29097868,0
1545530400000,3988.42000000,3995.31000000,3965.78000000,3971.71000000,15.20417900,1545533999999,60491.39011287,216,2.43661800,9696.14746380,0
1545534000000,3972.04000000,4025.07000000,3962.56000000,4011.66000000,16.23539900,1545537599999,64740.97991823,269,7.68767700,30726.64048090,0
1545537600000,4010.12000000,4029.00000000,3994.00000000,4000.00000000,32.33580700,1545541199999,129600.37320910,280,16.62000400,66567.52796841,0
1545541200000,3997.84000000,4023.43000000,3978.56000000,4007.10000000,22.11143900,1545544799999,88551.35565170,297,10.65657200,42735.52735232,0
1545544800000,4007.10000000,4015.81000000,3986.90000000,3994.83000000,6.17947300,1545548399999,24745.07573424,155,3.99396800,16005.48795640,0
1545548400000,3994.83000000,3994.83000000,3958.00000000,3978.65000000,34.14774100,1545551999999,135673.96823833,238,17.05541900,67746.61631144,0
1545552000000,3978.67000000,3994.94000000,3969.83000000,3969.83000000,21.52155000,1545555599999,85588.80911103,231,11.64224800,46330.76988282,0
1545555600000,3979.96000000,4007.97000000,3979.90000000,3983.79000000,24.76887900,1545559199999,98831.87642781,248,6.89216000,27502.69871779,0
1545559200000,3986.97000000,4058.99000000,3974.92000000,4033.86000000,56.83824500,1545562799999,228745.59691555,433,34.61727000,139401.45474008,0
1545562800000,4033.82000000,4044.90000000,4011.46000000,4013.94000000,26.27369800,1545566399999,105774.43486905,228,8.04672200,32415.75263317,0
1545566400000,4016.65000000,4033.78000000,3997.54000000,4014.02000000,21.36036400,1545569999999,85710.87720686,239,9.76768200,39183.23444868,0
1545570000000,4006.05000000,4031.94000000,4001.63000000,4020.42000000,19.03164100,1545573599999,76465.49155539,144,7.28875300,29272.63121166,0
1545573600000,4020.42000000,4020.42000000,3966.16000000,3969.43000000,17.69863500,1545577199999,70599.18346628,299,10.92409500,43522.97092379,0
1545577200000,3966.10000000,3971.61000000,3835.00000000,3918.39000000,69.41316100,1545580799999,272000.90582714,468,25.28902600,99371.42613895,0
1545580800000,3920.33000000,4030.00000000,3915.30000000,3961.54000000,32.48616500,1545584399999,129311.57206606,335,28.79968100,114739.27209600,0
1545584400000,3956.64000000,3968.63000000,3933.75000000,3965.82000000,15.81235900,1545587999999,62486.78668036,160,4.73303200,18712.91646539,0
1545588000000,3960.66000000,3999.19000000,3950.45000000,3983.00000000,10.00696000,1545591599999,39767.55487739,125,5.84196900,23213.67388654,0
1545591600000,3983.00000000,3986.14000000,3952.00000000,3959.78000000,12.79986300,1545595199999,50880.12667645,173,4.90860600,19493.27522423,0
1545595200000,3959.78000000,3964.00000000,3928.42000000,3959.92000000,24.25586700,1545598799999,95609.41658721,265,11.70676800,46147.75417892,0
1545598800000,3958.49000000,3979.98000000,3940.02000000,3952.87000000,10.59770800,1545602399999,41957.91398741,179,2.15694100,8555.20738815,0
1545602400000,3947.60000000,3953.50000000,3909.01000000,3951.00000000,12.00441600,1545605999999,47271.43708147,257,6.36425500,25079.76744809,0
1545606000000,3952.29000000,3960.91000000,3930.00000000,3953.49000000,50.99908400,1545609599999,200602.55786749,216,47.13116300,185351.10961245,0
1545609600000,3948.01000000,4200.00000000,3948.01000000,4184.31000000,129.41599500,1545613199999,529569.99556718,997,79.77512500,325586.26173369,0
1545613200000,4180.06000000,4200.00000000,4142.96000000,4182.54000000,87.10092200,1545616799999,363701.64327113,800,49.96898900,208677.68907781,0
1545616800000,4183.77000000,4193.41000000,4149.61000000,4168.15000000,28.12232600,1545620399999,117129.83330665,427,20.50427300,85419.06433340,0
1545620400000,4161.71000000,4191.00000000,4152.85000000,4170.38000000,34.19958500,1545623999999,142623.37295684,303,10.48978800,43749.52845579,0
1545624000000,4170.39000000,4178.71000000,4152.84000000,4167.13000000,32.76809900,1545627599999,136493.91595117,343,9.55200700,39790.93240187,0
1545627600000,4171.19000000,4240.00000000,4168.00000000,4212.64000000,65.33835600,1545631199999,274653.93749219,694,36.32590400,152665.34085995,0
1545631200000,4212.64000000,4237.67000000,4161.03000000,4184.51000000,173.19594400,1545634799999,723539.19238683,660,112.64081200,470192.29050877,0
1545634800000,4184.51000000,4212.72000000,4176.54000000,4190.00000000,21.23975900,1545638399999,88978.71338839,268,7.00275500,29351.03100887,0
1545638400000,4190.00000000,4224.98000000,4177.60000000,4195.30000000,34.11540800,1545641999999,143377.33392200,495,17.29741400,72736.03524595,0
1545642000000,4202.79000000,4227.00000000,4176.41000000,4202.04000000,20.46829600,1545645599999,85963.61501927,273,12.20243900,51302.72638745,0
1545645600000,4202.30000000,4207.10000000,4042.00000000,4127.49000000,82.73313300,1545649199999,340700.98770174,739,41.92143500,172821.46103135,0
1545649200000,4122.89000000,4299.00000000,4113.34000000,4131.80000000,59.94890500,1545652799999,249598.39272235,496,40.78215200,169810.29191418,0
1545652800000,4131.90000000,4148.37000000,4112.31000000,4119.02000000,12.52436400,1545656399999,51713.04019084,233,4.72190300,19497.90533686,0
1545656400000,4119.02000000,4160.17000000,4119.02000000,4142.97000000,15.02145400,1545659999999,62298.86659864,261,8.51477000,35329.24504962,0
1545660000000,4151.22000000,4220.00000000,4128.88000000,4206.42000000,24.05360400,1545663599999,100272.09775014,369,15.63058000,65247.27748273,0
1545663600000,4204.53000000,4236.51000000,4057.21000000,4057.25000000,54.75673300,1545667199999,228630.63967707,564,23.95860900,100138.38448678,0
1545667200000,4071.91000000,4098.09000000,4000.00000000,4091.79000000,67.53742300,1545670799999,274421.13140799,717,23.64664500,96396.82699047,0
1545670800000,4091.76000000,4100.00000000,4073.00000000,4079.00000000,22.81941300,1545674399999,93221.78151880,231,18.23694100,74522.20870858,0
1545674400000,4079.00000000,4090.71000000,4037.96000000,4050.78000000,50.31869300,1545677999999,204303.03524703,511,14.74151700,59955.18420579,0
1545678000000,4056.88000000,4064.97000000,3981.00000000,4030.00000000,95.99149000,1545681599999,385640.59112382,749,46.70396500,187534.71328800,0
1545681600000,4025.30000000,4050.00000000,4010.62000000,4027.40000000,15.34496500,1545685199999,61852.19183474,170,5.15332800,20803.11813423,0
1545685200000,4022.97000000,4069.99000000,4022.97000000,4062.38000000,19.01893700,1545688799999,76936.10109123,208,7.41834700,30038.22326772,0
1545688800000,4069.99000000,4077.05000000,4049.63000000,4060.57000000,26.91240400,1545692399999,109506.79399922,217,21.73798400,88465.55160453,0
1545692400000,4055.05000000,4071.84000000,4014.02000000,4032.50000000,23.64699100,1545695999999,95696.47469862,353,13.57726500,54963.69488864,0
1545696000000,4033.50000000,4039.04000000,3788.00000000,3816.56000000,104.61539500,1545699599999,404531.39927265,1679,45.38997800,175540.53849698,0
1545699600000,3816.56000000,3844.28000000,3760.00000000,3820.00000000,60.28117800,1545703199999,230182.02802536,642,28.40110600,108550.04034295,0
1545703200000,3820.00000000,3853.42000000,3794.27000000,3820.38000000,20.49962000,1545706799999,78373.96665332,429,12.47867400,47721.60397491,0
1545706800000,3823.68000000,3834.21000000,3660.00000000,3730.51000000,99.17603300,1545710399999,372763.82301038,674,47.96781900,180083.11815467,0
1545710400000,3733.51000000,3780.63000000,3700.19000000,3771.39000000,30.91233400,1545713999999,115646.65292846,384,15.82629700,59236.20787163,0
1545714000000,3767.34000000,3804.30000000,3759.71000000,3784.33000000,31.29192300,1545717599999,118505.70523801,424,19.58250000,74162.04174755,0
1545717600000,3790.00000000,3799.00000000,3758.91000000,3781.61000000,14.84093100,1545721199999,56107.23119362,155,7.50079500,28366.25263041,0
1545721200000,3781.61000000,3820.70000000,3760.01000000,3760.28000000,32.44278400,1545724799999,123033.39575823,423,10.78254900,40918.12770076,0
1545724800000,3765.18000000,3778.65000000,3735.95000000,3751.34000000,13.38161500,1545728399999,50258.81818182,267,6.07468600,22809.40520762,0
1545728400000,3743.20000000,3800.00000000,3738.80000000,3785.84000000,18.76826800,1545731999999,70636.04965683,233,12.06765000,45444.70703588,0
1545732000000,3788.45000000,3792.86000000,3745.96000000,3750.00000000,6.81984500,1545735599999,25657.47469232,163,4.48985100,16885.50464747,0
1545735600000,3750.00000000,3781.82000000,3705.36000000,3758.51000000,27.95538800,1545739199999,104383.38027418,378,16.83170900,62865.40443334,0
1545739200000,3758.51000000,3779.92000000,3737.77000000,3770.52000000,16.82882900,1545742799999,63254.71473095,171,7.85081000,29536.41130954,0
1545742800000,3773.43000000,3799.96000000,3750.55000000,3750.55000000,7.43213200,1545746399999,27993.30682799,208,4.14261100,15610.05316199,0
1545746400000,3756.00000000,3768.94000000,3726.73000000,3741.39000000,14.85536900,1545749999999,55739.66353332,274,6.91255800,25956.76247410,0
1545750000000,3742.00000000,3766.37000000,3661.00000000,3721.14000000,60.99460400,1545753599999,226863.55539491,589,26.14760300,97385.70610993,0
1545753600000,3725.15000000,3765.04000000,3725.15000000,3750.99000000,45.92426700,1545757199999,171958.71567312,292,30.39674300,113807.39576184,0
1545757200000,3740.80000000,3740.80000000,3687.59000000,3697.12000000,25.03153600,1545760799999,92866.28079999,282,10.91789600,40546.10106878,0
1545760800000,3706.18000000,3741.37000000,3694.21000000,3736.20000000,20.30920800,1545764399999,75558.21803695,246,10.94163800,40727.79202436,0
1545764400000,3741.39000000,3760.00000000,3722.12000000,3735.00000000,55.03092900,1545767999999,206358.31159274,316,26.35222300,98763.51393936,0
1545768000000,3741.24000000,3822.27000000,3741.24000000,3775.20000000,36.84335500,1545771599999,139437.76870199,303,16.67572000,63082.58396941,0
1545771600000,3789.01000000,3794.10000000,3767.97000000,3790.07000000,14.97984600,1545775199999,56675.20770905,215,6.94181800,26277.79703778,0
1545775200000,3786.52000000,3818.31000000,3761.53000000,3766.27000000,22.48496600,1545778799999,85351.90517273,377,7.56800700,28702.71436379,0
1545778800000,3769.07000000,3787.08000000,3737.39000000,3780.00000000,11.13726700,1545782399999,41858.85717901,180,2.46319600,9266.54453470,0
1545782400000,3778.09000000,3793.04000000,3753.76000000,3778.10000000,15.33982900,1545785999999,57866.46252590,271,12.63594100,47670.43169913,0
1545786000000,3776.13000000,3868.13000000,3772.17000000,3834.11000000,81.86688200,1545789599999,313953.07300608,435,60.25454100,231304.09057036,0
1545789600000,3834.09000000,3869.33000000,3813.57000000,3839.95000000,48.48414100,1545793199999,186750.13317392,505,37.60717000,144975.35433255,0
1545793200000,3841.24000000,3845.14000000,3826.86000000,3837.00000000,7.60249900,1545796799999,29175.28132435,151,3.73440400,14334.73014177,0
1545796800000,3831.27000000,3833.00000000,3809.92000000,3823.87000000,11.73157000,1545800399999,44814.18674809,256,3.95965400,15138.49173147,0
1545800400000,3823.74000000,3844.26000000,3813.63000000,3822.89000000,28.05947100,1545803999999,107452.80063279,317,18.23960300,69846.91038596,0
1545804000000,3827.49000000,3839.19000000,3792.53000000,3806.77000000,46.29421200,1545807599999,176963.17058623,350,18.09075400,69263.59895233,0
1545807600000,3798.60000000,3798.60000000,3757.85000000,3783.20000000,18.83642100,1545811199999,71230.42168891,228,12.22697900,46305.06439522,0
1545811200000,3776.35000000,3782.52000000,3665.00000000,3756.19000000,34.64526600,1545814799999,129494.02857003,320,8.81494300,32839.29702973,0
1545814800000,3756.74000000,3767.00000000,3716.48000000,3728.79000000,13.48490200,1545818399999,50506.71942820,236,7.69526700,28846.05827679,0
1545818400000,3718.92000000,3756.79000000,3716.11000000,3741.25000000,17.69257500,1545821999999,66126.51094289,366,7.92203200,29617.35683493,0
1545822000000,3745.89000000,3755.92000000,3733.35000000,3745.82000000,10.36800100,1545825599999,38803.22110677,221,6.09379600,22817.24031068,0
1545825600000,3745.41000000,3770.74000000,3742.15000000,3767.08000000,14.45585400,1545829199999,54233.55609051,195,6.60877900,24820.29682162,0
1545829200000,3759.93000000,3782.42000000,3748.49000000,3764.13000000,16.91794500,1545832799999,63722.82618762,299,8.95304400,33729.36557598,0
1545832800000,3764.10000000,3764.10000000,3682.53000000,3713.10000000,47.39196200,1545836399999,175751.19474218,425,16.11879000,59785.89990630,0
1545836400000,3708.58000000,3751.80000000,3696.84000000,3728.99000000,39.98964300,1545839999999,148972.86823484,271,6.56968500,24551.77285180,0
1545840000000,3735.55000000,3767.37000000,3719.68000000,3746.53000000,47.05039100,1545843599999,175818.58130735,296,33.74650200,125989.81775048,0
1545843600000,3752.57000000,3767.76000000,3735.94000000,3758.33000000,16.26419100,1545847199999,61031.21831439,248,7.27684400,27324.62672678,0
1545847200000,3758.30000000,3765.20000000,3742.57000000,3755.18000000,12.71887900,1545850799999,47702.84976908,184,2.33000400,8746.34440595,0
1545850800000,3757.05000000,3821.99000000,3757.05000000,3796.80000000,31.18229500,1545854399999,118383.35656230,391,15.74568400,59747.60058908,0
1545854400000,3801.13000000,3807.83000000,3761.53000000,3761.53000000,15.34705800,1545857999999,58078.38142752,254,5.80517200,21994.15480205,0
1545858000000,3761.52000000,3780.00000000,3733.53000000,3772.70000000,19.16715700,1545861599999,72014.19693981,312,8.40406700,31570.50423617,0
1545861600000,3778.35000000,3834.71000000,3775.92000000,3804.19000000,31.76507100,1545865199999,120926.20042550,362,14.79522900,56284.04977865,0
1545865200000,3809.91000000,3827.02000000,3795.09000000,3814.07000000,8.94366100,1545868799999,34068.87463373,280,5.47839600,20861.26592602,0
1545868800000,3806.60000000,3814.11000000,3783.72000000,3811.14000000,28.52134900,1545872399999,108377.23848040,339,23.63924200,89812.63469942,0
1545872400000,3811.14000000,3845.18000000,3756.01000000,3756.01000000,31.72716100,1545875999999,120653.96243326,333,7.29505900,27875.74048239,0
1545876000000,3756.00000000,3763.36000000,3723.00000000,3763.36000000,28.17139400,1545879599999,105495.75332017,277,19.21322200,71943.00790138,0
1545879600000,3760.56000000,3764.85000000,3731.50000000,3731.50000000,12.18968100,1545883199999,45654.50224492,113,3.65067400,13665.38807054,0
1545883200000,3735.29000000,3760.00000000,3733.72000000,3745.04000000,8.84714500,1545886799999,33141.17753993,112,4.08052600,15302.33462961,0
1545886800000,3745.04000000,3750.00000000,3681.00000000,3723.15000000,23.31117800,1545890399999,86610.98631332,349,10.84769700,40361.47037223,0
1545890400000,3727.46000000,3745.01000000,3720.64000000,3742.34000000,21.85993700,1545893999999,81582.12390459,153,5.75854700,21532.24069116,0
1545894000000,3737.72000000,3756.01000000,3729.15000000,3742.74000000,16.25959200,1545897599999,60915.23182217,150,11.05090900,41414.32051624,0
1545897600000,3742.74000000,3767.04000000,3728.70000000,3728.70000000,14.98019700,1545901199999,56203.10829456,119,7.90203300,29707.79056562,0
1545901200000,3728.67000000,3763.79000000,3727.00000000,3745.30000000,4.67578500,1545904799999,17513.07355534,76,2.56671000,9615.73125622,0
1545904800000,3751.24000000,3767.05000000,3726.89000000,3728.19000000,4.74303500,1545908399999,17768.74501942,104,2.44849200,9163.57340651,0
1545908400000,3727.10000000,3752.13000000,3716.11000000,3743.27000000,3.14370300,1545911999999,11738.46568405,123,1.95359600,7299.88369536,0
1545912000000,3748.84000000,3755.94000000,3738.24000000,3742.55000000,6.48093400,1545915599999,24279.70393209,97,2.60296700,9755.53492581,0
1545915600000,3742.55000000,3778.60000000,3742.28000000,3755.36000000,49.43915400,1545919199999,185544.69043550,189,17.67855000,66345.83363375,0
1545919200000,3755.36000000,3755.85000000,3735.15000000,3747.80000000,27.14655500,1545922799999,101711.34830314,157,9.15446200,34325.62607767,0
1545922800000,3747.80000000,3747.80000000,3720.11000000,3741.77000000,54.57152200,1545926399999,203730.13270510,256,9.45016200,35314.74333113,0
1545926400000,3741.77000000,3762.93000000,3740.00000000,3745.32000000,66.86891400,1545929999999,250665.69868925,408,5.03306600,18886.19723887,0
1545930000000,3745.33000000,3753.44000000,3735.09000000,3746.44000000,65.66002200,1545933599999,245745.05675856,365,4.55706800,17080.57245029,0
1545933600000,3745.66000000,3751.61000000,3725.10000000,3735.00000000,156.80659100,1545937199999,586016.14588366,492,35.04745800,131065.63104274,0
1545937200000,3738.05000000,3738.05000000,3584.56000000,3607.35000000,315.32266300,1545940799999,1146304.68126077,1524,100.32931800,363016.92982587,0
1545940800000,3607.35000000,3610.77000000,3570.00000000,3583.81000000,117.75860500,1545944399999,422861.46000528,753,70.02742300,251624.13639427,0
1545944400000,3580.00000000,3607.97000000,3579.00000000,3585.81000000,125.63208400,1545947999999,451099.62160725,544,69.44193700,249421.55142428,0
1545948000000,3585.00000000,3596.93000000,3571.18000000,3586.46000000,49.20380300,1545951599999,176402.39176804,415,22.12851000,79364.34500728,0
1545951600000,3586.46000000,3598.37000000,3561.27000000,3591.91000000,52.15446800,1545955199999,186593.05799896,510,39.02604100,139727.77176593,0
1545955200000,3595.22000000,3619.91000000,3528.00000000,3608.01000000,69.25725100,1545958799999,248550.29402140,326,34.07597000,122198.73156311,0
1545958800000,3604.87000000,3612.74000000,3589.73000000,3593.96000000,18.90593500,1545962399999,68086.61230101,157,6.21791300,22430.06025086,0
1545962400000,3595.95000000,3611.53000000,3594.97000000,3606.42000000,32.87833600,1545965999999,118423.05788360,201,26.96442700,97129.57262473,0
1545966000000,3606.42000000,3609.30000000,3594.18000000,3594.19000000,16.93738900,1545969599999,61042.86092036,162,10.77431900,38840.76731961,0
1545969600000,3594.18000000,3600.85000000,3589.26000000,3593.63000000,16.42896200,1545973199999,59035.09332850,169,6.71269000,24134.89424792,0
1545973200000,3589.83000000,3605.33000000,3588.40000000,3592.14000000,10.18996700,1545976799999,36620.15417165,119,3.88634200,13984.54264593,0
1545976800000,3592.74000000,3598.86000000,3576.16000000,3588.04000000,27.52960200,1545980399999,98785.49419221,201,10.21692000,36667.17511964,0
1545980400000,3593.95000000,3616.40000000,3593.95000000,3602.28000000,199.50228900,1545983999999,719876.65892672,822,20.08696900,72458.30144739,0
1545984000000,3600.35000000,3619.91000000,3594.71000000,3619.91000000,27.58153600,1545987599999,99411.00166071,241,3.22246600,11630.05213781,0
1545987600000,3619.91000000,3636.03000000,3602.95000000,3627.47000000,23.89682600,1545991199999,86571.69793975,250,18.87118600,68393.25114822,0
1545991200000,3627.47000000,3627.47000000,3607.60000000,3614.08000000,4.86189800,1545994799999,17589.33058797,75,2.26651500,8200.19236042,0
1545994800000,3614.08000000,3634.22000000,3609.74000000,3634.22000000,22.93073700,1545998399999,83158.54220158,166,19.57958500,71003.06896894,0
1545998400000,3635.31000000,3640.00000000,3601.87000000,3614.50000000,94.38838700,1546001999999,341628.08197901,591,18.36233100,66617.43828298,0
1546002000000,3613.61000000,3619.76000000,3601.72000000,3609.93000000,43.65081100,1546005599999,157672.40359256,229,15.70841300,56776.11904005,0
1546005600000,3606.91000000,3619.24000000,3605.41000000,3611.32000000,45.31723300,1546009199999,163705.37194062,237,2.30640900,8333.05899920,0
1546009200000,3611.37000000,3859.79000000,3611.32000000,3822.72000000,300.43734500,1546012799999,1136012.84805516,1353,118.11834800,443617.40466756,0
1546012800000,3829.44000000,3899.00000000,3822.73000000,3859.06000000,167.70947400,1546016399999,647771.88206506,650,67.84380200,262206.19696216,0
1546016400000,3855.29000000,3869.46000000,3831.44000000,3853.35000000,114.42299100,1546019999999,440009.10281912,264,28.39537200,109404.00979085,0
1546020000000,3860.00000000,3869.57000000,3840.00000000,3860.89000000,76.01852100,1546023599999,293194.14462565,257,36.93245100,142536.48083179,0
1546023600000,3866.88000000,3960.68000000,3861.88000000,3880.99000000,141.33543400,1546027199999,553180.54404327,492,58.26331600,228002.23314933,0
1546027200000,3880.67000000,3908.98000000,3870.72000000,3908.59000000,44.63966200,1546030799999,173768.03202057,160,17.40513600,67903.64133988,0
1546030800000,3903.10000000,3915.11000000,3886.51000000,3887.69000000,31.17538600,1546034399999,121511.04281995,162,7.92839300,30925.39898929,0
1546034400000,3893.84000000,3897.94000000,3870.00000000,3870.00000000,16.51873700,1546037999999,64191.90472447,133,5.67595300,22099.92786172,0
1546038000000,3874.00000000,3895.91000000,3855.40000000,3885.33000000,70.64888500,1546041599999,274165.73262295,207,34.87758500,135509.00550264,0
1546041600000,3891.71000000,3923.74000000,3887.57000000,3902.34000000,21.00161200,1546045199999,81931.85898450,153,7.98273100,31140.46012019,0
1546045200000,3897.23000000,3911.00000000,3885.20000000,3896.09000000,29.47377100,1546048799999,114961.23454303,154,21.70210700,84669.96328497,0
1546048800000,3896.51000000,3901.15000000,3872.24000000,3886.50000000,12.26855400,1546052399999,47712.39723336,138,6.81206300,26516.18611534,0
1546052400000,3883.74000000,3895.59000000,3878.70000000,3892.22000000,4.07924000,1546055999999,15855.78852020,90,1.88508800,7335.31846514,0
1546056000000,3888.26000000,3896.10000000,3870.11000000,3894.62000000,21.13466100,1546059599999,82119.55749127,198,12.32617100,47916.35792063,0
1546059600000,3890.00000000,3890.00000000,3877.38000000,3877.38000000,34.75146300,1546063199999,135031.07914471,126,21.59147100,83955.88222436,0
1546063200000,3877.38000000,3894.18000000,3873.39000000,3894.18000000,8.44875600,1546066799999,32846.71155155,89,5.17095700,20110.84395977,0
1546066800000,3892.00000000,3915.41000000,3880.30000000,3908.27000000,11.14683400,1546070399999,43423.51064081,132,8.37483900,32616.95391556,0
1546070400000,3899.50000000,3901.92000000,3894.21000000,3900.50000000,34.70537900,1546073999999,135368.20633830,180,32.44704100,126565.31581159,0
1546074000000,3900.50000000,3938.27000000,3881.02000000,3889.59000000,33.38161900,1546077599999,130111.41482348,232,27.01194200,105250.19945864,0
1546077600000,3887.10000000,3889.60000000,3827.00000000,3847.27000000,50.75185900,1546081199999,195671.58326420,363,13.62051300,52535.55211609,0
1546081200000,3847.28000000,3873.27000000,3846.46000000,3864.98000000,7.95566200,1546084799999,30690.40753822,85,4.00915300,15490.50189584,0
1546084800000,3864.98000000,3886.95000000,3852.02000000,3877.46000000,32.76273000,1546088399999,126693.43556977,187,26.39719600,101989.30260279,0
1546088400000,3877.94000000,3889.38000000,3865.03000000,3878.53000000,25.29060800,1546091999999,98033.08933284,157,23.32853300,90423.39048201,0
1546092000000,3879.14000000,3893.62000000,3858.70000000,3869.92000000,23.31437500,1546095599999,90403.13609531,140,16.94627300,65773.18636242,0
1546095600000,3869.92000000,3894.33000000,3861.79000000,3871.06000000,57.03119200,1546099199999,221355.95434534,227,47.54311500,184589.17752857,0
1546099200000,3871.07000000,3871.07000000,3812.77000000,3836.57000000,51.57978900,1546102799999,197901.08444899,338,24.53847000,94196.51334454,0
1546102800000,3836.57000000,3845.74000000,3816.80000000,3842.31000000,56.12890000,1546106399999,215243.66741282,265,34.35672000,131724.76804182,0
1546106400000,3842.31000000,3846.74000000,3797.00000000,3839.93000000,59.03240800,1546109999999,226089.63987649,271,13.86293600,53131.50564424,0
1546110000000,3835.01000000,3840.00000000,3825.00000000,3840.00000000,43.49933700,1546113599999,166739.82018601,320,8.64377400,33179.56389700,0
1546113600000,3840.00000000,3874.78000000,3840.00000000,3855.01000000,41.74520300,1546117199999,161147.90419122,201,13.65099200,52776.78248053,0
1546117200000,3862.17000000,3927.51000000,3857.70000000,3910.77000000,92.46122000,1546120799999,361018.47550293,574,47.44321800,185319.99470623,0
1546120800000,3910.77000000,3918.16000000,3890.06000000,3890.06000000,17.91804200,1546124399999,70009.73299497,122,11.71382500,45802.20044243,0
1546124400000,3892.82000000,3933.92000000,3706.09000000,3730.62000000,78.03994600,1546127999999,294850.22089406,824,23.13343500,87264.47557644,0
1546128000000,3732.91000000,3758.26000000,3685.00000000,3722.99000000,83.67954000,1546131599999,311625.03699985,686,48.07985800,179062.57591009,0
1546131600000,3726.45000000,3741.86000000,3721.83000000,3740.01000000,38.70957600,1546135199999,144535.89287043,261,35.74676400,133459.87575976,0
1546135200000,3735.53000000,3752.17000000,3731.79000000,3742.03000000,11.02225000,1546138799999,41234.01022435,136,8.33460200,31187.15677283,0
1546138800000,3740.34000000,3746.86000000,3731.46000000,3740.89000000,18.21919100,1546142399999,68110.48482050,204,11.50415600,43013.63520681,0
1546142400000,3735.14000000,3769.32000000,3735.01000000,3769.32000000,19.88889900,1546145999999,74644.86706365,155,18.87673100,70853.54018425,0
1546146000000,3769.32000000,3769.32000000,3743.29000000,3759.00000000,16.08313800,1546149599999,60425.38593861,98,9.65730300,36304.16052422,0
1546149600000,3759.03000000,3766.11000000,3754.84000000,3762.55000000,48.91398000,1546153199999,183963.24620826,130,16.97529700,63860.61214888,0
1546153200000,3756.78000000,3764.78000000,3750.57000000,3758.15000000,5.04400300,1546156799999,18961.30750098,67,2.70149800,10158.61669471,0
1546156800000,3760.02000000,3813.50000000,3754.37000000,3795.50000000,31.39632000,1546160399999,118871.31571077,207,23.36764400,88504.05363526,0
1546160400000,3795.50000000,3857.09000000,3777.99000000,3840.00000000,89.42111800,1546163999999,342423.72785720,415,56.32270100,215805.78174461,0
1546164000000,3834.95000000,3840.87000000,3820.00000000,3840.87000000,9.68321300,1546167599999,37109.53720997,82,3.44667600,13213.34147643,0
1546167600000,3845.61000000,3847.85000000,3820.09000000,3826.00000000,12.51086900,1546171199999,47904.77879635,121,3.41810000,13099.01035868,0
1546171200000,3829.40000000,3863.01000000,3743.51000000,3810.79000000,75.82602900,1546174799999,288263.46613039,482,57.54780300,219006.03150356,0
1546174800000,3814.98000000,3822.28000000,3789.72000000,3795.04000000,12.80328600,1546178399999,48776.22242489,166,11.76463600,44819.63662442,0
1546178400000,3797.56000000,3814.78000000,3771.45000000,3813.99000000,9.68186700,1546181999999,36822.55022086,106,1.13252400,4311.36593903,0
1546182000000,3811.89000000,3833.33000000,3800.37000000,3800.56000000,11.83675400,1546185599999,45136.64592282,150,5.52232700,21091.43200045,0
1546185600000,3800.56000000,3812.27000000,3794.70000000,3810.00000000,11.81663200,1546189199999,44956.02966563,123,5.10888800,19443.77176851,0
1546189200000,3809.76000000,3826.99000000,3803.48000000,3817.12000000,19.28238900,1546192799999,73662.58506725,140,12.09189200,46222.34195117,0
1546192800000,3823.99000000,3826.42000000,3799.98000000,3812.00000000,66.15660100,1546196399999,251639.45326556,271,46.45661000,176717.00704347,0
1546196400000,3814.97000000,3830.22000000,3750.85000000,3809.06000000,99.95160300,1546199999999,380494.30959565,483,79.82359500,303958.27404847,0
1546200000000,3804.85000000,3823.50000000,3788.61000000,3810.95000000,18.55829300,1546203599999,70708.87109250,140,2.55309500,9735.53958987,0
1546203600000,3811.74000000,3854.99000000,3782.81000000,3821.43000000,37.07058800,1546207199999,141754.69293466,257,16.56351700,63339.32815802,0
1546207200000,3823.48000000,3832.32000000,3807.97000000,3815.03000000,54.67314000,1546210799999,209169.03701543,173,6.24982400,23909.85098888,0
1546210800000,3822.59000000,3838.90000000,3811.01000000,3821.66000000,13.65270900,1546214399999,52163.73534614,141,4.02212900,15360.21281510,0
1546214400000,3832.27000000,3833.85000000,3814.81000000,3822.26000000,8.31911100,1546217999999,31810.63402341,127,4.63968700,17739.34009939,0
1546218000000,3819.15000000,3829.41000000,3777.26000000,3788.95000000,14.62001500,1546221599999,55520.76278471,187,10.33355100,39260.14007561,0
1546221600000,3795.38000000,3798.10000000,3754.88000000,3768.93000000,39.23678800,1546225199999,148174.45060128,338,9.69673800,36619.89245227,0
1546225200000,3769.63000000,3788.52000000,3766.72000000,3783.32000000,5.93310000,1546228799999,22415.68079656,119,2.97640500,11250.93034215,0
1546228800000,3778.69000000,3792.75000000,3776.45000000,3789.38000000,20.98368900,1546232399999,79398.21297550,212,13.05146300,49405.36239298,0
1546232400000,3788.56000000,3790.26000000,3773.84000000,3780.00000000,9.50096000,1546235999999,35934.72920978,113,7.14017200,27001.55587667,0
1546236000000,3779.07000000,3787.00000000,3777.00000000,3787.00000000,11.60256200,1546239599999,43925.91525287,140,10.42443700,39468.72267441,0
1546239600000,3787.32000000,3793.16000000,3782.68000000,3787.99000000,13.18053100,1546243199999,49928.03939950,140,11.59999100,43945.42631425,0
1546243200000,3787.13000000,3787.13000000,3771.63000000,3780.29000000,14.97884100,1546246799999,56608.09741134,137,9.82296200,37120.14596371,0
1546246800000,3784.13000000,3815.24000000,3777.90000000,3800.00000000,40.72241300,1546250399999,154352.51122697,255,18.16474300,68846.35197557,0
1546250400000,3798.02000000,3808.93000000,3795.00000000,3800.00000000,21.76214500,1546253999999,82718.21586939,200,11.93834900,45413.35269673,0
1546254000000,3800.00000000,3800.50000000,3707.30000000,3741.43000000,132.19095100,1546257599999,495456.18203302,592,48.98455400,183087.10740676,0
1546257600000,3742.00000000,3759.21000000,3735.06000000,3759.21000000,27.49122500,1546261199999,102965.67502381,190,4.72426500,17725.37228489,0
1546261200000,3752.83000000,3759.82000000,3750.00000000,3755.73000000,14.90569000,1546264799999,55952.80580487,139,3.22557800,12118.33708251,0
1546264800000,3750.02000000,3793.47000000,3750.00000000,3782.29000000,32.11484300,1546268399999,121000.94598955,256,10.15489100,38241.31335148,0
1546268400000,3784.14000000,3799.10000000,3740.93000000,3765.95000000,35.25318200,1546271999999,132660.79437562,327,21.52324800,80944.82387838,0
1546272000000,3771.92000000,3793.08000000,3742.80000000,3751.95000000,24.62291700,1546275599999,92611.57772320,278,18.65699500,70195.62735095,0
1546275600000,3751.99000000,3759.99000000,3737.34000000,3744.37000000,31.38728400,1546279199999,117624.60631406,206,14.66642400,54947.48429725,0
1546279200000,3743.74000000,3757.00000000,3737.41000000,3753.94000000,36.38176700,1546282799999,136395.36894903,370,29.24903600,109658.88378626,0
1546282800000,3753.46000000,3753.94000000,3623.24000000,3691.54000000,111.77225500,1546286399999,413051.09915037,698,82.43974200,304649.47529600,0
1546286400000,3688.08000000,3688.08000000,3660.52000000,3680.00000000,40.53238500,1546289999999,149108.91160899,354,12.49671500,45993.94958909,0
1546290000000,3680.00000000,3685.09000000,3666.00000000,3677.63000000,62.62938200,1546293599999,230480.04281105,360,22.08789400,81328.35723522,0
1546293600000,3672.48000000,3690.75000000,3666.14000000,3690.75000000,13.83862400,1546297199999,50831.55753634,179,10.64812600,39116.04733324,0
1546297200000,3690.67000000,3706.81000000,3677.55000000,3692.00000000,46.67940400,1546300799999,172425.92365703,358,13.61930100,50300.09617020,0
