1704067200000,42274.27000000,44199.99000000,42181.24000000,44185.08000000,831.25289000,1704153599999,35729195.40638450,21456,424.53371000,18243720.35239700,0
1704153600000,44185.10000000,45917.99000000,44152.17000000,44966.40000000,2075.57807000,1704239999999,93924951.81151620,54128,930.02235000,42077713.24051300,0
1704240000000,44966.40000000,45521.46000000,40555.00000000,42863.17000000,2224.93663000,1704326399999,96597116.64581510,56142,1121.88657000,48685885.01965220,0
1704326400000,42863.16000000,44798.85000000,42651.13000000,44190.77000000,1790.55598000,1704412799999,78230022.32989530,45707,874.68953000,38199669.70069270,0
1704412800000,44190.77000000,44392.00000000,42362.50000000,44179.33000000,2482.61049000,1704499199999,108656798.97238140,70799,1255.06037000,54947518.62902810,0
1704499200000,44179.34000000,44250.79000000,43443.91000000,43994.18000000,705.41334000,1704585599999,30944304.62903320,23653,335.71876000,14723979.74589000,0
1704585600000,43991.62000000,44499.56000000,43581.50000000,43949.18000000,678.55169000,1704671999999,29902876.29767510,24284,341.65484000,15056185.60268000,0
1704672000000,43952.73000000,47300.00000000,43208.30000000,46989.98000000,1651.59327000,1704758399999,74862602.81686040,64574,815.95168000,36987888.65432400,0
1704758400000,46990.04000000,48000.00000000,44563.91000000,46121.26000000,1973.88032000,1704844799999,91894017.56569380,63941,965.28017000,44927241.78723020,0
1704844800000,46120.38000000,47844.00000000,44295.29000000,46662.46000000,2801.78384000,1704931199999,128354978.03957280,84190,1429.33280000,65465206.30303720,0
1704931200000,46665.71000000,49000.00000000,45558.34000000,46347.41000000,2356.10384000,1705017599999,110235985.37209920,119454,1092.12712000,51121147.47736510,0
1705017600000,46342.22000000,46523.92000000,41382.95000000,42765.79000000,2298.17065000,1705103999999,102605795.08389070,112382,1143.75108000,51106917.20834820,0
1705104000000,42770.74000000,43244.75000000,42417.54000000,42842.43000000,1389.84503000,1705190399999,59546751.18382270,50730,653.70619000,28000192.29233080,0
1705190400000,42839.96000000,43071.41000000,41700.00000000,41709.38000000,918.08300000,1705276799999,39111792.15723870,40078,455.77396000,19415937.22097750,0
1705276800000,41700.00000000,43343.02000000,41685.32000000,42489.69000000,1650.59380000,1705363199999,70286916.68141070,55092,844.44884000,35962520.91135600,0
1705363200000,42485.03000000,43564.00000000,42006.32000000,43124.92000000,2037.11206000,1705449599999,87535205.40330130,68447,973.87574000,41854349.02819460,0
1705449600000,43124.92000000,43186.24000000,42165.89000000,42733.05000000,1681.81738000,1705535999999,71750734.59288400,50922,906.11521000,38648315.57491060,0
1705536000000,42733.05000000,42875.88000000,40600.00000000,41281.29000000,2151.86526000,1705622399999,90367065.58244720,64357,1170.46039000,49151752.95076390,0
1705622400000,41286.00000000,42144.29000000,40250.00000000,41622.00000000,2204.11796000,1705708799999,90864455.28945110,66382,1203.09283000,49592021.66417080,0
1705708800000,41622.01000000,41830.00000000,41421.60000000,41666.14000000,534.44808000,1705795199999,22226173.77835530,23783,247.31288000,10285200.65228010,0
1705795200000,41665.99000000,41854.45000000,41476.03000000,41555.40000000,334.16807000,1705881599999,13927268.87473680,22503,161.15960000,6716568.51364130,0
1705881600000,41553.64000000,41656.00000000,39322.00000000,39517.69000000,2400.07702000,1705967999999,97215645.05261330,79491,1243.87305000,50381887.36550060,0
1705968000000,39521.03000000,40135.90000000,38508.01000000,39871.07000000,1691.97662000,1706054399999,66431138.83092380,60407,843.52846000,33111812.17784570,0
1706054400000,39866.24000000,40521.95000000,39466.67000000,40068.01000000,1313.11047000,1706140799999,52397037.50872930,45931,658.52079000,26271713.99498010,0
1706140800000,40068.00000000,40279.73000000,39513.86000000,39937.82000000,1581.77588000,1706227199999,63119322.17844540,37554,826.94873000,32988112.95213390,0
1706227200000,39937.81000000,42232.20000000,39804.87000000,41810.43000000,1939.09580000,1706313599999,79943342.99136250,94996,981.62792000,40428144.04898800,0
1706313600000,41811.99000000,42194.63000000,41379.94000000,42119.41000000,815.78159000,1706399999999,34132572.42296500,40903,357.48572000,14958769.97586310,0
1706400000000,42121.47000000,42831.67000000,41611.83000000,42026.53000000,1268.34409000,1706486399999,53621115.30961690,59806,672.99644000,28452198.69013610,0
1706486400000,42026.54000000,43340.00000000,41792.83000000,43299.91000000,1508.04398000,1706572799999,64127558.07688960,76868,741.96538000,31517780.02616250,0
1706572800000,43299.92000000,43916.00000000,42665.80000000,42942.26000000,1621.66181000,1706659199999,70414559.94968350,76772,770.61208000,33457696.72475880,0
1706659200000,42944.13000000,43752.37000000,42268.01000000,42556.57000000,1190.32521000,1706745599999,51136354.75177560,105052,705.68614000,30338827.89460680,0
1706745600000,42547.37000000,43293.01000000,41846.00000000,43067.10000000,916.86736000,1706831999999,38962055.29960650,69527,479.26948000,20365855.63984360,0
1706832000000,43072.35000000,43485.13000000,42526.47000000,43179.03000000,1100.84738000,1706918399999,47393199.41952520,47314,749.66053000,32277216.92862240,0
1706918400000,43178.54000000,43355.86000000,42867.12000000,42996.96000000,282.73859000,1707004799999,12184166.82697180,22636,134.69527000,5804646.81352500,0
1707004800000,43002.49000000,43098.21000000,42196.76000000,42561.28000000,307.91903000,1707091199999,13177413.05867980,23893,147.19325000,6299546.78565190,0
1707091200000,42567.25000000,43528.00000000,42232.98000000,42651.91000000,862.50542000,1707177599999,36927601.35116990,43151,539.93075000,23128853.18440140,0
1707177600000,42654.53000000,43350.91000000,42520.36000000,43087.71000000,780.44745000,1707263999999,33577466.81915340,40999,480.80422000,20695227.45205670,0
1707264000000,43088.00000000,44389.01000000,42754.50000000,44339.99000000,892.76933000,1707350399999,38825584.17124040,44344,491.59861000,21352625.23189870,0
1707350400000,44340.22000000,45615.28000000,44320.41000000,45298.58000000,866.01884000,1707436799999,38980102.05076640,54386,459.61374000,20695943.13463080,0
1707436800000,45298.47000000,48250.00000000,43723.00000000,47152.96000000,1792.31639000,1707523199999,84187395.59214800,105058,873.94065000,41065736.72769560,0
1707523200000,47157.44000000,48172.24000000,46864.50000000,47764.66000000,447.97553000,1707609599999,21208446.17320120,40060,205.46383000,9732315.43837750,0
1707609600000,47764.65000000,48600.00000000,47575.68000000,48314.26000000,503.92574000,1707695999999,24292234.40174260,39533,256.32784000,12355001.14919480,0
1707696000000,48316.65000000,50350.00000000,47719.39000000,49934.88000000,1211.77757000,1707782399999,59676265.71040130,104152,697.07185000,34318144.11498760,0
1707782400000,49934.88000000,50388.00000000,48303.00000000,49723.55000000,1141.40800000,1707868799999,56307317.86509270,83875,597.72733000,29466969.57646690,0
1707868800000,49723.01000000,52066.47000000,49255.64000000,51836.00000000,1167.97024000,1707955199999,59914904.57280820,93437,663.79004000,34075459.77405290,0
1707955200000,51842.00000000,52843.76000000,51363.35000000,51930.26000000,1028.24634000,1708041599999,53622215.10310280,78105,574.00349000,29954644.97167070,0
1708041600000,51930.26000000,52594.43000000,51600.00000000,52160.35000000,1175.05209000,1708127999999,61100554.25884440,73098,724.73934000,37676997.04354720,0
1708128000000,52160.35000000,52203.34000000,50632.29000000,51660.85000000,537.30388000,1708214399999,27680440.66912340,46516,244.09276000,12569242.31437070,0
1708214400000,51660.84000000,52408.02000000,51136.15000000,52149.98000000,378.84791000,1708300799999,19619526.91766130,41202,182.00730000,9428655.00483490,0
1708300800000,52153.26000000,52498.00000000,51671.46000000,51784.01000000,414.11694000,1708387199999,21588001.87739710,39700,219.75057000,11455407.20095840,0
1708387200000,51784.25000000,52999.99000000,50760.00000000,52277.98000000,1040.07246000,1708473599999,53993294.60718330,89443,572.92786000,29725534.32919740,0
1708473600000,52274.61000000,52374.58000000,50555.00000000,51854.00000000,827.37028000,1708559999999,42430968.21092840,62999,464.91438000,23841879.74429550,0
1708560000000,51852.03000000,52062.01000000,50909.37000000,51256.01000000,866.31134000,1708646399999,44674994.71292630,53408,500.72159000,25825121.09447310,0
1708646400000,51256.01000000,51509.99000000,50500.00000000,50733.49000000,782.62987000,1708732799999,39928284.50330240,53505,445.29361000,22718203.02959640,0
1708732800000,50735.74000000,51691.99000000,50584.10000000,51565.95000000,288.65689000,1708819199999,14778380.97870150,27381,154.44067000,7907684.54553520,0
1708819200000,51566.21000000,51986.59000000,51271.40000000,51720.00000000,280.08153000,1708905599999,14468751.72002990,30205,156.85312000,8103618.22344920,0
1708905600000,51730.26000000,54977.87000000,50895.42000000,54518.01000000,1252.35948000,1708991999999,66310565.02212110,124976,710.70962000,37666234.76471820,0
1708992000000,54518.01000000,57620.00000000,54490.01000000,57061.63000000,1724.48093000,1709078399999,97572371.42892260,137986,945.05106000,53522695.53274850,0
1709078400000,57061.63000000,64140.67000000,56723.23000000,62504.44000000,2154.86069000,1709164799999,130449626.07143580,207063,1109.33729000,67139143.19475420,0
1709164800000,62501.89000000,63687.68000000,60288.00000000,61176.09000000,1673.03539000,1709251199999,104001469.21474490,160535,829.22550000,51581479.23161110,0
1709251200000,61171.97000000,63193.69000000,60792.96000000,62434.25000000,1037.06606000,1709337599999,64401587.12743840,88027,505.01195000,31367536.92512890,0
1709337600000,62433.12000000,62508.08000000,61605.83000000,62042.34000000,547.47410000,1709423999999,33962641.62366760,46521,248.38752000,15412573.31199130,0
1709424000000,62042.33000000,63259.04000000,61359.63000000,63148.45000000,391.60664000,1709510399999,24385377.08365140,45776,182.63364000,11366943.69060580,0
1709510400000,63143.11000000,68594.50000000,62228.80000000,68336.87000000,1735.33238000,1709596799999,114321901.14292150,188987,963.75988000,63396871.37371770,0
1709596800000,68337.21000000,69222.52000000,59112.00000000,63803.49000000,3368.07007000,1709683199999,218472683.33635360,367695,1697.59689000,110027674.87220730,0
1709683200000,63803.50000000,67655.97000000,62834.01000000,66112.32000000,2152.68987000,1709769599999,142094214.24001200,192461,1146.22229000,75638135.87457470,0
1709769600000,66117.23000000,68065.43000000,65595.99000000,66935.66000000,1189.88656000,1709855999999,79867531.23797590,98514,545.86420000,36639699.05869580,0
1709856000000,66935.67000000,70315.20000000,66025.81000000,68276.39000000,2569.29040000,1709942399999,174995979.05692190,177322,1280.60095000,87250900.27666100,0
1709942400000,68276.39000000,68722.11000000,68033.68000000,68458.23000000,619.13236000,1710028799999,42347160.95194320,43032,337.80734000,23107872.73941970,0
1710028800000,68458.71000000,70024.00000000,68198.33000000,69029.99000000,924.71479000,1710115199999,64160977.09306840,66609,556.85572000,38649411.86763890,0
1710115200000,69029.99000000,72891.99000000,67000.00000000,72096.46000000,2339.02162000,1710201599999,166890363.45193850,145522,1382.32773000,98575684.57559570,0
1710201600000,72103.98000000,73000.00000000,68579.82000000,71467.43000000,1409.10580000,1710287999999,100775057.96390250,112046,802.93464000,57485775.95888410,0
1710288000000,71465.80000000,73676.00000000,71340.01000000,73123.31000000,1167.25570000,1710374399999,85083733.63392940,84557,683.74581000,49845643.24834640,0
1710374400000,73116.55000000,73816.97000000,68505.56000000,71368.00000000,1265.18767000,1710460799999,90331682.84069100,114730,633.70631000,45226726.40976400,0
1710460800000,71374.46000000,72390.76000000,65450.00000000,69504.01000000,2898.57401000,1710547199999,197965172.04784890,246161,1444.20810000,98665590.61089410,0
1710547200000,69512.00000000,70045.19000000,64700.16000000,65256.02000000,1044.15143000,1710633599999,70564586.93854560,110305,497.87531000,33667296.26995800,0
1710633600000,65254.00000000,68862.72000000,64500.00000000,68344.00000000,851.86137000,1710719999999,56872193.99140800,90016,420.61773000,28072674.32177490,0
1710720000000,68343.73000000,68916.00000000,66500.00000000,67607.98000000,982.50632000,1710806399999,66306180.65431930,94344,490.06241000,33068387.47926680,0
1710806400000,67606.83000000,68115.47000000,61501.98000000,61900.01000000,2885.48213000,1710892799999,185772311.72393070,225244,1422.83104000,91644464.04425970,0
1710892800000,61900.00000000,68151.01000000,60750.00000000,67854.00000000,3270.71349000,1710979199999,208735018.07967080,245775,1632.77835000,104287761.40644180,0
1710979200000,67843.99000000,68251.55000000,64500.00000000,65485.53000000,1852.26489000,1711065599999,123231266.16707720,113574,936.20128000,62290100.04466020,0
1711065600000,65485.52000000,66640.21000000,62200.00000000,63844.36000000,1941.83738000,1711151999999,124854262.83936390,130981,938.67569000,60364456.21817760,0
1711152000000,63825.31000000,65994.01000000,62995.84000000,63997.99000000,1104.92122000,1711238399999,71210751.89598220,76921,516.67208000,33283358.79993700,0
1711238400000,63998.10000000,67630.71000000,63766.40000000,67178.73000000,883.55718000,1711324799999,57773726.81119140,72152,457.89662000,29942454.72730830,0
1711324800000,67201.99000000,71224.99000000,66369.84000000,69897.93000000,1161.41572000,1711411199999,79552536.96499860,97943,604.03543000,41364836.88767010,0
1711411200000,69894.11000000,71573.37000000,69301.38000000,69980.00000000,713.61849000,1711497599999,50236093.23700170,79283,365.61104000,25724602.99182140,0
1711497600000,69982.08000000,71787.47000000,68224.62000000,69427.66000000,815.59752000,1711583999999,56863689.28323260,89695,439.96165000,30674193.68445740,0
1711584000000,69427.66000000,71558.09000000,68848.58000000,70796.00000000,546.53701000,1711670399999,38549609.06196100,59782,262.40635000,18504354.12883820,0
1711670400000,70796.01000000,70923.49000000,69043.00000000,69894.00000000,566.87779000,1711756799999,39689892.26412720,50935,292.30947000,20474219.78319610,0
1711756800000,69890.00000000,70354.80000000,69576.32000000,69609.64000000,229.70927000,1711843199999,16080146.87682820,30866,116.89543000,8183249.08744050,0
1711843200000,69612.96000000,71382.13000000,69591.79000000,71308.00000000,380.97287000,1711929599999,26892792.43676370,37418,200.61161000,14162057.79520920,0
1711929600000,71288.01000000,71301.68000000,68066.79000000,69689.83000000,555.88818000,1712015999999,38630020.67497280,63238,246.58019000,17131181.60733910,0
1712016000000,69677.99000000,69703.97000000,64575.00000000,65471.27000000,1020.10753000,1712102399999,67613173.71023160,118343,504.29056000,33403448.85950650,0
1712102400000,65477.34000000,66944.00000000,64500.00000000,65986.02000000,730.25916000,1712188799999,48233619.21366060,77334,378.79754000,25032608.76837420,0
1712188800000,65987.99000000,69344.00000000,65091.44000000,68514.00000000,535.36100000,1712275199999,36068556.97783980,70726,253.70119000,17086273.93897960,0
1712275200000,68516.00000000,68797.12000000,65999.04000000,67853.26000000,544.51437000,1712361599999,36750784.19027630,76360,264.79856000,17875611.82339520,0
1712361600000,67852.00000000,69683.99000000,67482.30000000,68900.16000000,232.46881000,1712447999999,15870549.78120410,39553,125.03788000,8541683.43888820,0
1712448000000,68902.68000000,70329.29000000,68840.00000000,69357.99000000,282.69976000,1712534399999,19643167.09335160,37479,145.53950000,10116238.45660090,0
1712534400000,69357.24000000,72758.94000000,69026.60000000,71623.99000000,706.12338000,1712620799999,50517500.10767910,69956,379.30309000,27129763.52925760,0
1712620800000,71616.35000000,71752.01000000,68181.45000000,69127.84000000,660.68915000,1712707199999,46163655.42375540,74476,342.85484000,23927938.13752180,0
1712707200000,69125.01000000,71161.49000000,67457.03000000,70625.08000000,682.40671000,1712793599999,47207556.57729960,76337,345.90705000,23942720.51214320,0
1712793600000,70627.27000000,71308.32000000,69555.40000000,70009.84000000,863.29424000,1712879999999,60829672.97876030,71526,416.50899000,29350192.41140120,0
1712880000000,70009.84000000,71238.88000000,65005.00000000,67120.26000000,1044.95599000,1712966399999,71590662.24621320,97167,516.09713000,35343548.18603660,0
1712966400000,67135.50000000,67949.32000000,60002.10000000,64000.00000000,1636.27045000,1713052799999,105460053.24292160,188146,832.37883000,53706718.26903910,0
1713052800000,63996.00000000,65903.67000000,62166.07000000,65732.05000000,1421.35208000,1713139199999,91070039.62994850,138591,655.12660000,42003980.74763360,0
1713139200000,65728.01000000,66950.63000000,62322.31000000,63427.99000000,1215.36354000,1713225599999,78887358.33829870,120774,625.92883000,40625349.97211490,0
1713225600000,63449.24000000,64392.44000000,61641.34000000,63820.00000000,975.80472000,1713311999999,61350733.63081130,117200,499.79599000,31428055.56349240,0
1713312000000,63820.00000000,64507.08000000,59676.87000000,61273.46000000,910.59187000,1713398399999,56309003.51508360,119075,459.56666000,28428569.48565040,0
1713398400000,61272.43000000,64240.49000000,60813.27000000,63500.00000000,960.04358000,1713484799999,60238778.13708790,69222,527.53351000,33102766.93615060,0
1713484800000,63499.99000000,65582.69000000,59610.57000000,63818.00000000,1371.80407000,1713571199999,87249500.61033670,122078,776.30592000,49378691.35001100,0
1713571200000,63842.00000000,65453.63000000,63120.00000000,64962.57000000,514.90567000,1713657599999,33091359.29762540,57969,260.85156000,16766292.54544110,0
1713657600000,64962.01000000,65723.99000000,64241.27000000,64937.98000000,482.42032000,1713743999999,31333358.72194160,45937,250.87388000,16295457.59335970,0
1713744000000,64944.01000000,67256.00000000,64522.43000000,66847.99000000,732.36859000,1713830399999,48388941.70603080,64210,374.18467000,24718465.26040980,0
1713830400000,66836.51000000,67215.98000000,65824.00000000,66420.00000000,642.02935000,1713916799999,42699216.92331570,59578,328.98491000,21881062.39613890,0
1713916800000,66418.23000000,67070.00000000,63541.35000000,64252.00000000,767.27766000,1714003199999,50169927.76508220,54704,386.28270000,25252604.60866000,0
1714003200000,64250.00000000,65359.34000000,62752.00000000,64487.72000000,823.68470000,1714089599999,52850458.97837420,51075,385.48105000,24725630.45387200,0
1714089600000,64486.86000000,64794.00000000,63288.02000000,63745.99000000,643.64656000,1714175999999,41246286.50764940,63297,336.10471000,21538443.04332580,0
1714176000000,63745.99000000,63899.88000000,62361.43000000,63421.93000000,502.41712000,1714262399999,31670184.77231300,59138,240.30557000,15148603.71484110,0
1714262400000,63421.94000000,64324.75000000,62749.76000000,63097.14000000,365.60659000,1714348799999,23253695.43288150,47058,183.70888000,11682710.54113590,0
1714348800000,63072.01000000,64182.00000000,61759.00000000,63837.42000000,706.82007000,1714435199999,44324042.54848420,71506,378.31078000,23725369.81220460,0
1714435200000,63852.00000000,64708.50000000,59103.99000000,60620.00000000,1423.94578000,1714521599999,87275218.81331180,128694,746.38693000,45734665.23647230,0
1714521600000,60618.01000000,60777.99000000,56500.00000000,58265.56000000,2879.25765000,1714607999999,166647824.05505300,164065,1465.30720000,84832656.64711920,0
1714608000000,58267.89000000,59638.02000000,56893.92000000,59066.67000000,1608.73397000,1714694399999,93930651.31614500,85892,794.78866000,46394206.85052230,0
1714694400000,59071.99000000,63374.85000000,58822.00000000,62902.01000000,1522.69953000,1714780799999,93303003.57295000,97489,837.67994000,51414865.17549100,0
1714780800000,62902.00000000,64551.31000000,62561.75000000,63898.01000000,1104.99889000,1714867199999,70107119.38918420,83329,557.01248000,35337277.93620720,0
1714867200000,63903.97000000,64656.89000000,62882.07000000,64018.01000000,810.02767000,1714953599999,51703785.48267540,51260,400.58918000,25577446.43071180,0
1714953600000,64026.19000000,65565.74000000,62694.66000000,63170.00000000,1572.21730000,1715039999999,100610737.02872300,98213,766.53220000,49059517.76684400,0
1715040000000,63167.99000000,64429.20000000,62246.80000000,62318.00000000,1310.12221000,1715126399999,83206595.84515220,92706,650.72047000,41323951.69135800,0
1715126400000,62312.88000000,63016.00000000,60859.02000000,61176.01000000,1432.85740000,1715212799999,89140851.54557840,99604,760.98255000,47346426.63422210,0
1715212800000,61154.61000000,63427.08000000,60600.00000000,63065.98000000,1155.53792000,1715299199999,71378615.75536230,92573,584.88503000,36112982.51463150,0
1715299200000,63065.98000000,63461.25000000,60162.49000000,60789.09000000,1204.20771000,1715385599999,74378348.77261720,97296,593.91536000,36637954.57359180,0
1715385600000,60789.08000000,61493.05000000,60447.51000000,60814.83000000,480.00479000,1715471999999,29235757.06947490,59572,240.09123000,14622829.72756420,0
1715472000000,60814.82000000,61841.99000000,60584.00000000,61453.99000000,441.81132000,1715558399999,27037488.10055770,67307,245.07782000,14998404.81268740,0
1715558400000,61454.00000000,63446.99000000,60739.18000000,62933.01000000,1112.43167000,1715644799999,69469871.50506440,100216,578.26122000,36081715.43108570,0
1715644800000,62923.80000000,63108.41000000,61103.17000000,61548.17000000,1088.49059000,1715731199999,67422332.82473560,82106,625.01970000,38725588.05919420,0
1715731200000,61548.16000000,66479.99000000,61312.50000000,66250.00000000,1738.51055000,1715817599999,112134846.49072120,161673,816.27843000,52682673.97962660,0
1715817600000,66250.00000000,66768.70000000,64587.81000000,65246.00000000,1290.07934000,1715903999999,84861498.91709170,101200,609.54539000,40070954.47647500,0
1715904000000,65245.99000000,67480.46000000,65119.60000000,67044.03000000,1036.46607000,1715990399999,68833435.08448970,82440,521.12103000,34601586.52204270,0
1715990400000,67044.03000000,67401.49000000,66610.86000000,66924.23000000,508.89993000,1716076799999,34089877.67250700,69449,259.81731000,17405443.22924490,0
1716076800000,66924.23000000,67751.09000000,65862.81000000,66266.30000000,510.92520000,1716163199999,34169232.46741660,57654,254.76067000,17046275.66058570,0
1716163200000,66262.00000000,71646.46000000,66066.29000000,71452.00000000,1927.86449000,1716249599999,132681294.34402940,183339,1084.05993000,74734332.50787790,0
1716249600000,71452.01000000,72000.00000000,69148.00000000,70138.83000000,1645.89112000,1716335999999,116403772.30284390,260780,883.91534000,62548244.11455810,0
1716336000000,70139.98000000,70650.65000000,68813.27000000,69124.01000000,724.38077000,1716422399999,50565036.22572910,87227,362.30719000,25289206.28964580,0
1716422400000,69157.58000000,70045.69000000,66213.31000000,67940.55000000,1029.38924000,1716508799999,70338024.26751960,137265,551.20823000,37657957.14866770,0
1716508800000,67921.05000000,69242.35000000,66598.08000000,68543.99000000,1081.01729000,1716595199999,73485159.95061650,96530,454.64789000,30874480.36763850,0
1716595200000,68543.99000000,69638.58000000,68492.55000000,69276.84000000,312.35789000,1716681599999,21542304.26661330,48439,160.49701000,11067365.25050360,0
1716681600000,69287.99000000,69533.75000000,68043.05000000,68476.02000000,322.87709000,1716767999999,22263752.14195270,53920,151.99967000,10480923.28803250,0
1716768000000,68476.01000000,70612.18000000,68202.98000000,69372.01000000,707.89371000,1716854399999,49069028.88733070,101899,374.61126000,25961208.00409760,0
1716854400000,69372.01000000,69529.41000000,67195.91000000,68328.60000000,895.73911000,1716940799999,61042728.48957610,84045,464.00306000,31618659.60442630,0
1716940800000,68328.61000000,68854.61000000,67085.25000000,67565.51000000,677.77840000,1717027199999,45961885.00315890,73604,358.77997000,24331351.50575410,0
1717027200000,67565.26000000,69495.21000000,67098.76000000,68328.01000000,856.23570000,1717113599999,58472924.13086930,106560,343.70955000,23482554.97948050,0
1717113600000,68332.85000000,69004.00000000,66604.00000000,67466.43000000,788.48000000,1717199999999,53466785.49025260,99516,440.94735000,29868144.53293910,0
1717200000000,67472.00000000,67831.43000000,67345.64000000,67716.00000000,236.89611000,1717286399999,16022562.62664010,44922,123.48716000,8351993.11761380,0
1717286400000,67716.00000000,68416.26000000,67256.01000000,67731.99000000,338.06009000,1717372799999,22925342.47412780,54270,167.64465000,11369364.87307930,0
1717372800000,67731.98000000,70294.78000000,67576.54000000,68796.01000000,798.03092000,1717459199999,55148463.28869260,67519,401.94912000,27772483.30067360,0
1717459200000,68796.00000000,71080.00000000,68549.54000000,70544.37000000,1226.98052000,1717545599999,86088638.81579510,205914,559.56689000,39228676.27314310,0
1717545600000,70544.37000000,71771.68000000,70384.02000000,71110.36000000,1522.32085000,1717631999999,108151071.61097780,63124,763.78407000,54241883.31695330,0
1717632000000,71114.94000000,71643.99000000,70100.81000000,70771.35000000,970.92274000,1717718399999,68926565.88998960,56753,456.66717000,32420222.33497720,0
1717718400000,70771.36000000,71990.00000000,68368.00000000,69322.37000000,1462.02731000,1717804799999,103071264.53227420,134021,771.65816000,54388841.60451630,0
1717804800000,69322.36000000,69552.00000000,69149.43000000,69296.08000000,332.91721000,1717891199999,23094841.37990560,46237,183.82352000,12750997.54939760,0
1717891200000,69296.08000000,69851.68000000,69120.65000000,69636.26000000,269.92530000,1717977599999,18762543.06691680,38341,150.52409000,10463236.78620550,0
1717977600000,69636.26000000,70177.68000000,69164.29000000,69509.84000000,816.77464000,1718063999999,56847539.59944000,78636,498.20977000,34669157.33418000,0
1718064000000,69504.00000000,69555.55000000,66001.00000000,67312.95000000,1900.84755000,1718150399999,128181615.23731290,156970,1023.32534000,68975331.76736120,0
1718150400000,67310.18000000,70020.00000000,66895.99000000,68244.18000000,1755.86814000,1718236799999,120291878.11576400,124564,874.11596000,59830816.97596250,0
1718236800000,68244.18000000,68447.24000000,66247.23000000,66748.71000000,1404.63872000,1718323199999,94488467.27902030,177702,727.48475000,48913838.64991030,0
1718323200000,66748.71000000,67328.70000000,65032.00000000,66008.00000000,1481.57377000,1718409599999,98327544.27351590,333733,792.83660000,52590776.47050200,0
1718409600000,66004.01000000,66435.99000000,65824.00000000,66184.14000000,388.85911000,1718495999999,25728364.51144500,65048,212.78684000,14079162.68378030,0
1718496000000,66184.13000000,66916.62000000,66000.00000000,66636.54000000,331.09157000,1718582399999,22009781.32333910,51143,172.58255000,11470974.05552810,0
1718582400000,66636.54000000,67251.99000000,65066.20000000,66478.00000000,1502.59408000,1718668799999,99275244.98066420,181040,802.36333000,52970592.96348400,0
1718668800000,66467.53000000,66563.34000000,64011.00000000,65148.98000000,1865.86492000,1718755199999,121376016.61060380,179282,903.87274000,58778576.24824420,0
1718755200000,65148.98000000,65711.74000000,64654.00000000,64946.09000000,1021.16237000,1718841599999,66525328.58839230,82828,492.01125000,32050496.73598020,0
1718841600000,64946.49000000,66454.00000000,64514.01000000,64838.01000000,1574.96305000,1718927999999,102795986.01356780,145839,872.48070000,56907244.58127830,0
1718928000000,64838.00000000,65163.37000000,63347.99000000,64114.00000000,1461.46374000,1719014399999,93574478.01966440,154030,869.86786000,55650036.18908140,0
1719014400000,64113.99000000,64496.44000000,63912.01000000,64236.01000000,349.57972000,1719100799999,22473413.74241960,62637,178.90779000,11500803.90403800,0
1719100800000,64236.01000000,64496.00000000,63136.84000000,63167.97000000,331.26432000,1719187199999,21186502.79448080,64806,156.31686000,9997617.06788440,0
1719187200000,63175.36000000,63336.63000000,58416.86000000,60281.77000000,2407.09677000,1719273599999,146718609.82560430,268330,1260.47410000,76906130.69602990,0
1719273600000,60262.79000000,62402.00000000,60222.00000000,61792.00000000,2311.26352000,1719359999999,141930756.13196570,144965,1095.12624000,67224397.12974190,0
1719360000000,61794.58000000,62472.34000000,60682.77000000,60828.17000000,1470.94240000,1719446399999,90271908.79265390,97414,844.59743000,51805783.63157060,0
1719446400000,60828.18000000,62346.00000000,60559.38000000,61629.99000000,1343.31986000,1719532799999,82458882.35929460,106848,745.96575000,45742520.70244140,0
1719532800000,61629.98000000,62168.73000000,59100.00000000,60328.00000000,1839.26170000,1719619199999,112375056.98131300,146287,982.35946000,59966504.84735590,0
1719619200000,60327.99000000,61133.32000000,60292.41000000,60898.03000000,922.05764000,1719705599999,56072189.02442240,101911,567.97063000,34532907.61026060,0
1719705600000,60898.02000000,62959.29000000,60623.32000000,62684.00000000,941.68281000,1719791999999,58134026.01280840,131390,500.48522000,30902651.75482580,0
1719792000000,62683.85000000,63819.01000000,62463.00000000,62849.60000000,1865.34789000,1719878399999,117745302.87289000,135043,830.25610000,52379914.36970130,0
1719878400000,62831.87000000,63220.54000000,61738.30000000,62045.59000000,1319.32122000,1719964799999,82293364.75536380,119998,738.90120000,46088718.87601570,0
1719964800000,62045.59000000,62198.00000000,59334.00000000,60150.00000000,2080.29502000,1720051199999,125580900.73426310,218283,1032.68340000,62326314.49313920,0
1720051200000,60150.00000000,60435.75000000,56721.00000000,57046.01000000,3334.00328000,1720137599999,193540600.18989110,319074,1569.59035000,91050116.98781270,0
1720137600000,57038.02000000,57512.11000000,53417.77000000,56638.00000000,4855.65759000,1720223999999,269500902.59920750,514343,2040.90534000,113172921.09419290,0
1720224000000,56637.99000000,58499.00000000,56031.49000000,58234.01000000,1905.28443000,1720310399999,108806220.90467430,185857,936.06413000,53493018.83908250,0
1720310400000,58245.18000000,58452.04000000,55723.87000000,55860.01000000,1659.13727000,1720396799999,94988246.83208730,145246,750.11425000,42945612.59218390,0
1720396800000,55860.00000000,58207.68000000,54117.50000000,56708.01000000,3592.35827000,1720483199999,202084362.95870800,315533,1834.87805000,103302756.61727900,0
1720483200000,56702.00000000,58326.66000000,56239.70000000,58046.00000000,2390.53607000,1720569599999,137306586.55306700,213399,1227.78458000,70531099.73712030,0
1720569600000,58046.00000000,59475.52000000,57159.55000000,57749.79000000,2007.86187000,1720655999999,116875414.47745210,208078,1020.85046000,59430358.05016350,0
1720656000000,57721.25000000,59600.00000000,57010.10000000,57345.98000000,2059.23289000,1720742399999,119485819.88359910,279510,1026.32647000,59557329.52489600,0
1720742400000,57338.00000000,58542.14000000,56537.08000000,57900.00000000,2161.50589000,1720828799999,124296274.19178350,261832,1076.26148000,61871223.15786820,0
1720828800000,57902.00000000,59876.77000000,57774.00000000,59221.11000000,1210.48880000,1720915199999,70860885.62615030,203442,637.15562000,37290897.81334630,0
1720915200000,59221.11000000,61439.97000000,59212.00000000,60811.99000000,2305.65244000,1721001599999,138613549.52340360,355593,1123.96475000,67586632.90839550,0
1721001600000,60812.00000000,64940.00000000,60675.67000000,64757.99000000,3652.73998000,1721087999999,230150394.77608340,746551,1652.88441000,104149200.97854780,0
1721088000000,64758.00000000,65413.16000000,62420.00000000,65079.45000000,4186.53600000,1721174399999,268553218.45138670,609191,2063.20053000,132313148.34455640,0
1721174400000,65082.54000000,66146.03000000,63845.00000000,64095.00000000,2765.88098000,1721260799999,179730458.97640430,492207,1291.13371000,83919100.56154840,0
1721260800000,64092.00000000,65123.99000000,63230.00000000,63978.00000000,2370.18885000,1721347199999,152185365.91543290,436103,1171.62450000,75229758.75908790,0
1721347200000,63977.99000000,67433.09000000,63300.00000000,66701.72000000,3803.10942000,1721433599999,249326382.52122560,755552,1638.06992000,107328430.98871990,0
1721433600000,66701.72000000,67635.00000000,66256.00000000,67161.44000000,1692.97825000,1721519999999,113296848.30695180,259158,732.96612000,49068091.67601600,0
1721520000000,67164.00000000,68392.00000000,65790.74000000,68174.00000000,2814.78775000,1721606399999,189402986.73948080,332418,1342.01964000,90326414.68930920,0
1721606400000,68174.01000000,68494.00000000,66587.52000000,67562.00000000,2302.65743000,1721692799999,155586906.00253950,364165,1114.04137000,75256165.26217890,0
1721692800000,67560.00000000,67778.01000000,65468.00000000,65949.19000000,2977.27922000,1721779199999,197860367.75137120,441109,1623.16800000,107831850.02036720,0
1721779200000,65949.19000000,67122.00000000,65099.62000000,65374.00000000,2032.46036000,1721865599999,134420146.40645640,259770,1027.62013000,67978783.75195980,0
1721865600000,65374.00000000,66152.01000000,63440.01000000,65787.81000000,2360.64503000,1721951999999,152481361.79890390,240487,1219.70733000,78773691.71419240,0
1721952000000,65788.00000000,68210.01000000,65712.01000000,67918.01000000,2962.25247000,1722038399999,199411855.37703190,228295,1427.77364000,96155040.95711730,0
1722038400000,67919.00000000,69415.69000000,66664.22000000,67900.01000000,2816.13476000,1722124799999,192261979.28512240,273548,1412.99090000,96467662.49085570,0
1722124800000,67901.99000000,68314.01000000,67062.01000000,68248.00000000,1101.66899000,1722211199999,74676694.64326910,138863,549.99730000,37277706.85490450,0
1722211200000,68248.01000000,70052.00000000,66424.05000000,66778.01000000,3880.36506000,1722297599999,265282542.35000960,349096,1899.95347000,129932050.08586170,0
1722297600000,66778.01000000,66990.90000000,65286.00000000,66174.01000000,2528.15559000,1722383999999,167490699.38572830,244699,1289.41444000,85432335.53821930,0
1722384000000,66174.00000000,66829.72000000,64506.00000000,64618.00000000,2468.95901000,1722470399999,162516868.47796760,253029,1221.23528000,80410329.47647080,0
1722470400000,64614.00000000,65598.71000000,62240.01000000,65296.00000000,3405.60942000,1722556799999,217287626.55272780,363250,1766.32211000,112673576.34643350,0
1722556800000,65294.00000000,65542.00000000,61162.01000000,61424.22000000,3929.16080000,1722643199999,249947244.27659970,352729,1876.32474000,119314148.21575140,0
1722643200000,61424.21000000,62181.59000000,59815.99000000,60676.00000000,2827.39520000,1722729599999,172422682.76445050,186723,1375.75570000,83891325.35370040,0
1722729600000,60675.44000000,61080.04000000,57120.00000000,58134.00000000,3074.47758000,1722815999999,181925844.68116820,219459,1465.84060000,86795834.04091120,0
1722816000000,58139.99000000,58280.01000000,49001.00000000,54044.80000000,15075.19903000,1722902399999,799539751.93443920,1024020,7294.30751000,387072211.66196560,0
1722902400000,54047.99000000,57113.22000000,53952.77000000,56052.00000000,4326.53462000,1722988799999,241600339.35281640,279997,2018.59554000,112740920.25788280,0
1722988800000,56047.14000000,57757.99000000,54576.39000000,55147.74000000,3693.48066000,1723075199999,207712914.63026670,226712,1819.98828000,102350427.87265610,0
1723075200000,55147.74000000,62887.50000000,54747.99000000,61707.91000000,4474.27185000,1723161599999,263765370.01701950,375380,2169.93127000,128144260.48394220,0
1723161600000,61705.24000000,61763.99000000,59562.44000000,60866.00000000,3009.35302000,1723247999999,182465197.83055430,206025,1516.72519000,91971336.12619290,0
1723248000000,60865.99000000,61500.00000000,60264.84000000,60938.00000000,950.35034000,1723334399999,57760891.09929300,70988,474.66891000,28845024.00827910,0
1723334400000,60936.01000000,61875.36000000,58313.31000000,58723.25000000,1772.36277000,1723420799999,106373396.83162340,123855,859.08530000,51524289.26651380,0
1723420800000,58724.00000000,60717.65000000,57666.37000000,59361.66000000,3585.26220000,1723507199999,211734309.59895100,261606,1861.92005000,109979337.65926630,0
1723507200000,59359.50000000,61604.96000000,58426.04000000,60611.99000000,2261.04353000,1723593599999,135634728.00753480,145334,1098.91096000,65907006.80074140,0
1723593600000,60606.01000000,61844.14000000,58444.18000000,58698.80000000,2545.16447000,1723679999999,152814423.58806780,176866,1219.31157000,73237662.01751070,0
1723680000000,58697.75000000,59858.89000000,56127.11000000,57554.76000000,5577.71914000,1723766399999,324963029.13586530,366504,3899.53230000,227219342.31931210,0
1723766400000,57551.48000000,59849.99000000,57100.00000000,58891.19000000,2581.74850000,1723852799999,151330208.13481160,139883,1262.69162000,73997676.55131250,0
1723852800000,58896.98000000,59715.16000000,58818.46000000,59500.85000000,943.70471000,1723939199999,55947300.08037690,65001,513.30143000,30429474.89349850,0
1723939200000,59502.07000000,60283.34000000,58425.73000000,58434.36000000,1102.66642000,1724025599999,65762643.48103060,88563,589.75464000,35175666.08871070,0
1724025600000,58434.36000000,59639.56000000,57816.39000000,59459.36000000,1829.60790000,1724111999999,107272929.07030020,107295,886.20494000,51961794.42038630,0
1724112000000,59459.35000000,61442.78000000,58568.58000000,59020.01000000,2571.27744000,1724198399999,154351346.31995340,150055,1242.37855000,74519773.82167680,0
1724198400000,59020.00000000,61852.00000000,58782.43000000,61170.01000000,3158.09930000,1724284799999,190116114.72691700,186887,1364.60543000,82163873.30625040,0
1724284800000,61175.29000000,61430.74000000,59748.37000000,60391.85000000,2228.39831000,1724371199999,135292455.67133560,156357,821.18095000,49831700.74597130,0
1724371200000,60391.85000000,65000.98000000,60348.01000000,64095.23000000,4404.20946000,1724457599999,275038078.43174900,359380,2113.56947000,132348808.31364480,0
1724457600000,64096.50000000,64536.32000000,63568.00000000,64188.00000000,2087.32205000,1724543999999,133788849.83087840,159111,881.66608000,56507438.77602070,0
1724544000000,64184.01000000,65087.87000000,63801.04000000,64270.00000000,1463.25671000,1724630399999,94010971.42701450,174204,585.65899000,37637024.59534480,0
1724630400000,64254.61000000,64511.99000000,62811.26000000,62852.02000000,2157.25241000,1724716799999,137231165.39913430,214535,959.76340000,61052340.18168500,0
1724716800000,62852.01000000,63227.28000000,58028.47000000,59435.70000000,3402.97728000,1724803199999,208811528.83335850,364777,1622.30914000,99578826.05495470,0
1724803200000,59437.99000000,60231.29000000,57831.01000000,59046.22000000,4476.26108000,1724889599999,265013058.91178130,515693,2013.87782000,119246744.12832570,0
1724889600000,59056.00000000,61194.22000000,58729.83000000,59372.12000000,3503.07568000,1724975999999,209883083.71014710,304098,1612.11822000,96545615.35867140,0
1724976000000,59364.32000000,59950.00000000,57710.00000000,59119.47000000,3914.64673000,1725062399999,230841568.02640530,335843,1871.76337000,110336261.30936660,0
1725062400000,59122.00000000,59456.00000000,58742.75000000,58972.27000000,900.10719000,1725148799999,53168086.63823960,77411,401.33327000,23704338.78041640,0
1725148800000,58968.00000000,59076.00000000,57200.00000000,57301.35000000,2327.48176000,1725235199999,135142235.01213010,197370,1050.67909000,60993414.30868270,0
1725235200000,57300.00000000,59427.67000000,57124.01000000,59138.00000000,2563.28345000,1725321599999,149222473.72697790,147691,1221.06295000,71081116.64184070,0
1725321600000,59140.00000000,59820.00000000,57388.84000000,57476.40000000,2814.15996000,1725407999999,164295538.41200460,173521,1385.31180000,80836467.77459890,0
1725408000000,57472.01000000,58576.90000000,55588.21000000,57972.16000000,3938.98020000,1725494399999,224786647.47088190,222186,1909.41200000,108941003.62687750,0
1725494400000,57972.17000000,58333.18000000,55600.99000000,56165.69000000,3146.72042000,1725580799999,178394417.71412870,214434,1640.54736000,92980495.16743240,0
1725580800000,56162.00000000,57023.49000000,52527.66000000,53949.96000000,6902.35019000,1725667199999,378515151.47467040,381779,3388.38796000,185791360.56985240,0
1725667200000,53947.34000000,54846.00000000,53734.01000000,54146.00000000,2116.15021000,1725753599999,114824398.35825010,139200,1007.75684000,54680542.08375190,0
1725753600000,54160.00000000,55317.05000000,53626.53000000,54874.00000000,2112.54987000,1725839999999,114924520.22091690,146260,1012.43689000,55079793.34405120,0
1725840000000,54874.00000000,58100.00000000,54584.01000000,57052.05000000,4984.77742000,1725926399999,278548069.72739430,266373,2475.27099000,138342247.43046290,0
1725926400000,57052.05000000,58050.00000000,56378.69000000,57647.33000000,3311.28926000,1726012799999,189251453.36852970,223893,1667.14078000,95274433.26974530,0
1726012800000,57647.34000000,57996.70000000,55550.01000000,57352.86000000,4910.82239000,1726099199999,278867401.99925090,387988,2376.04401000,134842850.14101630,0
1726099200000,57347.69000000,58599.45000000,57332.00000000,58139.98000000,4046.55713000,1726185599999,234788077.59039080,482677,1885.87903000,109421604.33375570,0
1726185600000,58139.99000000,60676.53000000,57634.00000000,60545.92000000,4090.43885000,1726271999999,241443071.99727690,318488,1747.50501000,103168376.09982810,0
1726272000000,60541.13000000,60668.00000000,59417.53000000,60011.32000000,1862.79748000,1726358399999,112078798.82077230,166236,855.54482000,51452902.38903390,0
1726358400000,60011.32000000,60407.39000000,58701.38000000,59140.22000000,1917.38375000,1726444799999,114668754.63921320,184423,933.56968000,55838299.23089270,0
1726444800000,59134.00000000,59214.11000000,57425.00000000,58214.10000000,3577.57227000,1726531199999,208549439.88665910,186777,1870.94560000,109084698.03250050,0
1726531200000,58212.00000000,61359.37000000,57622.01000000,60326.00000000,4808.32371000,1726617599999,287871899.35052160,241515,2461.35176000,147283152.53522450,0
1726617600000,60326.00000000,61790.17000000,59177.01000000,61768.01000000,3896.99969000,1726703999999,234725223.42292750,241630,1952.15591000,117629450.32619060,0
1726704000000,61777.13000000,63875.21000000,61587.62000000,62966.04000000,4236.52802000,1726790399999,265900089.02078360,194490,2020.75196000,126817729.43483840,0
1726790400000,62971.37000000,64138.87000000,62350.00000000,63212.14000000,3030.10700000,1726876799999,191707466.44795450,125405,1525.24265000,96497270.05210400,0
1726876800000,63212.14000000,63571.42000000,62762.29000000,63361.55000000,792.98702000,1726963199999,50058694.41903290,52047,370.76193000,23404492.55373630,0
1726963200000,63361.55000000,64006.00000000,62368.08000000,63586.00000000,1560.26788000,1727049599999,98386941.55639430,85025,751.65532000,47407925.60626700,0
1727049600000,63587.99000000,64793.79000000,62562.51000000,63341.61000000,2736.20511000,1727135999999,173925792.49863080,166213,1392.92132000,88510573.53784430,0
1727136000000,63341.61000000,64696.29000000,62705.17000000,64271.78000000,3071.74211000,1727222399999,195331860.26305210,225880,1416.72914000,90057216.30452840,0
1727222400000,64275.37000000,64826.00000000,62923.50000000,63143.44000000,2090.27121000,1727308799999,133174976.28929330,207232,974.91680000,62108581.46121280,0
1727308800000,63139.81000000,65848.90000000,62663.27000000,65185.43000000,3578.06984000,1727395199999,231321336.30056940,337875,1686.61319000,108971138.78554840,0
1727395200000,65185.42000000,66523.17000000,64830.01000000,65786.34000000,2803.78020000,1727481599999,184284357.26338660,272812,1280.48200000,84151073.92310250,0
1727481600000,65788.95000000,66278.99000000,65433.68000000,65868.35000000,1124.82912000,1727567999999,73971998.39548570,160601,586.35551000,38565819.21133860,0
1727568000000,65868.35000000,66088.00000000,65442.88000000,65612.88000000,988.95867000,1727654399999,65018754.49866840,140109,471.90540000,31026593.87973500,0
1727654400000,65612.88000000,65635.74000000,62829.38000000,63317.61000000,3392.60460000,1727740799999,216933308.71182430,286721,1702.21367000,108813576.63629990,0
1727740800000,63313.49000000,64117.03000000,60154.02000000,60804.88000000,5558.19630000,1727827199999,346587612.49878810,324862,2699.54981000,168538671.95900460,0
1727827200000,60800.01000000,62378.76000000,59964.88000000,60638.23000000,3641.32080000,1727913599999,222743139.75800740,160808,1726.34554000,105588380.87579090,0
1727913600000,60638.23000000,61474.47000000,59851.34000000,60750.52000000,3396.98866000,1727999999999,205923051.86859370,130113,1667.57036000,101077390.27326750,0
1728000000000,60750.53000000,62490.00000000,60465.60000000,62089.66000000,3453.69412000,1728086399999,212911224.24056500,126772,1664.80770000,102644501.58740250,0
1728086400000,62092.57000000,62382.34000000,61690.15000000,62054.41000000,947.06626000,1728172799999,58794900.69544530,53369,452.98277000,28123668.15788650,0
1728172800000,62054.41000000,63045.59000000,61806.10000000,62821.62000000,1058.96357000,1728259199999,66125265.04649300,58345,508.09217000,31732276.16752010,0
1728259200000,62821.62000000,64451.58000000,62116.00000000,62223.08000000,3986.87427000,1728345599999,252769804.21400190,139477,1987.96152000,126034689.83756550,0
1728345600000,62213.17000000,63189.33000000,61842.03000000,62130.33000000,3192.98525000,1728431999999,199279358.89307720,114568,1682.43441000,105011792.56463530,0
1728432000000,62130.33000000,62517.98000000,60250.19000000,60588.93000000,2802.31144000,1728518399999,172672997.20864750,102192,1350.18146000,83198782.11312430,0
1728518400000,60587.31000000,61312.01000000,58868.76000000,60281.22000000,3740.63012000,1728604799999,225450338.64169920,133533,1747.46864000,105330779.29282980,0
1728604800000,60281.23000000,63428.42000000,60035.97000000,62525.00000000,3794.61812000,1728691199999,235164254.07997450,137086,1738.64918000,107748595.06173480,0
1728691200000,62529.40000000,63513.69000000,62474.66000000,63197.99000000,1414.40413000,1728777599999,89088163.04331920,73988,662.52184000,41726617.38881220,0
1728777600000,63197.99000000,63279.41000000,62041.45000000,62850.21000000,1500.22294000,1728863999999,94010779.21062880,77632,704.89930000,44170589.60225250,0
1728864000000,62850.21000000,66511.00000000,62438.01000000,66075.54000000,4819.13578000,1728950399999,313282860.05588690,183954,2533.40977000,164509744.16401350,0
1728950400000,66075.51000000,67943.15000000,64790.12000000,67072.02000000,5333.83428000,1729036799999,353831658.41963410,210609,2670.32011000,177166898.49766340,0
1729036800000,67072.01000000,68424.05000000,66747.77000000,67614.92000000,4304.36405000,1729123199999,290973932.44493410,160583,2012.87624000,136070716.64690660,0
1729123200000,67614.92000000,67932.87000000,66632.38000000,67409.99000000,3141.64335000,1729209599999,211126296.63691000,112410,1533.03666000,103022761.24866670,0
1729209600000,67409.99000000,69024.69000000,67172.45000000,68428.56000000,4514.64255000,1729295999999,308013201.44219720,161854,2131.05755000,145378349.78904520,0
1729296000000,68434.00000000,68692.00000000,67990.61000000,68373.48000000,1052.64171000,1729382399999,71897021.06682050,66632,492.64287000,33652290.29416800,0
1729382400000,68373.48000000,69390.00000000,68091.97000000,69024.01000000,1600.20602000,1729468799999,109828326.16334970,85702,750.73982000,51529561.12482560,0
1729468800000,69024.01000000,69516.00000000,66815.00000000,67364.01000000,3907.29688000,1729555199999,265478945.90889800,156107,1895.18096000,128733224.04953940,0
1729555200000,67364.00000000,67808.00000000,66563.54000000,67394.09000000,2702.36051000,1729641599999,181734940.13527720,151087,1268.10139000,85281105.05150830,0
1729641600000,67396.15000000,67438.99000000,65187.76000000,66611.22000000,3476.64262000,1729727999999,230671670.72903630,166191,1678.89489000,111340000.02858340,0
1729728000000,66611.22000000,68821.14000000,66405.80000000,68168.01000000,3019.58818000,1729814399999,203987577.35846930,157747,1343.17896000,90753672.63424120,0
1729814400000,68168.02000000,68739.00000000,65506.34000000,66578.02000000,4382.90981000,1729900799999,294624648.59689900,241703,2059.66829000,138427742.51100950,0
1729900800000,66573.96000000,67371.19000000,66344.41000000,67018.00000000,1307.19788000,1729987199999,87383275.27672160,104867,632.71203000,42299440.52187170,0
1729987200000,67018.00000000,68261.99000000,66856.36000000,67948.00000000,1079.62262000,1730073599999,72989453.24687180,125931,540.36011000,36541728.43585330,0
1730073600000,67948.00000000,70266.03000000,67508.10000000,69926.54000000,3629.44410000,1730159999999,250616814.87764380,191829,1841.97833000,127323575.08255690,0
1730160000000,69929.60000000,73637.46000000,69718.01000000,72725.74000000,5089.89505000,1730246399999,366023208.97497260,260889,2672.89432000,192176772.36469770,0
1730246400000,72724.97000000,72950.00000000,71400.01000000,72329.01000000,2844.88646000,1730332799999,205304451.86314360,163939,1376.10995000,99310129.99599970,0
1730332800000,72328.84000000,72684.79000000,69580.44000000,70206.23000000,3398.17684000,1730419199999,241702982.79483800,188176,1699.00323000,120736870.62938220,0
1730419200000,70207.02000000,71596.71000000,68772.42000000,69462.18000000,4564.52406000,1730505599999,319131096.08344530,257384,2250.08287000,157326541.36948650,0
1730505600000,69465.99000000,69889.21000000,69004.21000000,69359.26000000,1341.30463000,1730591999999,93243933.24806850,78335,725.78952000,50464249.42264090,0
1730592000000,69359.27000000,69375.99000000,67450.00000000,68748.00000000,2721.84881000,1730678399999,186092235.44219370,144248,1368.66182000,93594934.74260040,0
1730678400000,68751.45000000,69458.22000000,66787.99000000,67822.85000000,3147.27606000,1730764799999,214477191.15465280,146262,1601.02557000,109130273.60710330,0
1730764800000,67810.71000000,70534.31000000,67439.90000000,69375.88000000,4278.70839000,1730851199999,296625894.77827270,186835,2109.85323000,146244997.12985960,0
1730851200000,69376.70000000,76499.99000000,67733.88000000,75649.99000000,14949.34515000,1730937599999,1104637246.53887180,535285,7936.91393000,585890655.24331530,0
1730937600000,75649.98000000,76969.08000000,74480.01000000,75925.29000000,4651.40631000,1731023999999,352198444.24699240,202010,2272.08487000,172095516.35539520,0
1731024000000,75928.80000000,77277.98000000,75653.22000000,76571.77000000,5530.11229000,1731110399999,422108508.97568850,207435,2677.83824000,204419430.23697010,0
1731110400000,76571.77000000,76950.00000000,75760.00000000,76718.99000000,1694.69771000,1731196799999,129560852.33108470,100530,741.49997000,56698782.60868820,0
1731196800000,76723.17000000,81572.11000000,76546.23000000,80440.00000000,7046.83335000,1731283199999,559849145.62317800,309606,3843.78422000,305320867.49273740,0
1731283200000,80436.00000000,89699.99000000,80272.00000000,88762.63000000,12080.45902000,1731369599999,1022046004.12940370,467766,6569.26765000,556521825.20882790,0
1731369600000,88762.63000000,90000.00000000,85131.78000000,88034.11000000,11208.68135000,1731455999999,985710389.19837830,502223,5735.66056000,504493553.09083810,0
1731456000000,88034.11000000,93483.99000000,86257.50000000,90494.27000000,9534.38065000,1731542399999,858493892.44964440,443507,4833.16146000,435390370.43820500,0
1731542400000,90494.27000000,91821.86000000,86681.93000000,87332.00000000,6486.31724000,1731628799999,580260431.12771390,327939,3167.23766000,283558627.87313540,0
1731628800000,87335.98000000,91918.81000000,87106.38000000,91056.00000000,4772.25392000,1731715199999,426557464.97427120,256755,2477.32558000,221560185.63900200,0
1731715200000,91056.00000000,91827.13000000,90082.51000000,90640.00000000,2020.34098000,1731801599999,183938361.25234450,138002,1030.12593000,93788731.04741690,0
1731801600000,90640.27000000,91459.31000000,88723.75000000,89870.32000000,2861.00533000,1731887999999,258069151.07916970,166049,1429.80522000,129006011.56029360,0
1731888000000,89887.99000000,92611.11000000,89382.00000000,90512.00000000,5256.34305000,1731974399999,478993958.75855760,291710,2663.71920000,242766270.01888010,0
1731974400000,90511.55000000,94058.10000000,90404.50000000,92416.01000000,5240.14932000,1732060799999,483581075.20944840,256226,2633.07272000,243086118.99111200,0
1732060800000,92434.48000000,94935.39000000,91609.89000000,94368.79000000,5213.98293000,1732147199999,488821903.13731370,252199,2650.09621000,248419433.71163250,0
1732147200000,94371.07000000,99090.89000000,94123.23000000,98436.00000000,6791.87049000,1732233599999,660779986.41992570,352514,3585.12651000,348810434.72955890,0
1732233600000,98436.00000000,99692.00000000,97209.40000000,99011.99000000,5650.55895000,1732319999999,558300287.76955330,316213,3113.02008000,307692895.19424270,0
1732320000000,99012.00000000,99023.90000000,97212.49000000,97764.04000000,3020.62966000,1732406399999,296941330.56890840,219576,1362.23218000,133886854.85197300,0
1732406400000,97764.04000000,98692.00000000,95792.01000000,98015.98000000,2868.62258000,1732492799999,279080167.87092890,197767,1435.66611000,139679928.18564370,0
1732492800000,98026.79000000,99033.00000000,92600.00000000,93004.01000000,6982.12865000,1732579199999,671434801.63770540,348633,3474.76244000,334460802.45853350,0
1732579200000,93004.01000000,95087.75000000,90752.06000000,91920.00000000,6461.82634000,1732665599999,600367871.73751430,369966,3266.94914000,303603036.14096770,0
1732665600000,91920.01000000,97362.49000000,91694.00000000,95959.38000000,5700.83113000,1732751999999,540815402.18946000,241416,2992.94604000,283991167.04556260,0
1732752000000,95957.53000000,96667.16000000,94658.27000000,95663.18000000,2634.81556000,1732838399999,251486796.94976400,166910,1334.88125000,127421696.59793240,0
1732838400000,95663.19000000,98728.00000000,95390.96000000,97506.11000000,3514.66732000,1732924799999,341451688.20522230,190502,1802.92818000,175190137.94947240,0
1732924800000,97499.79000000,97507.66000000,96128.02000000,96470.40000000,1562.44036000,1733011199999,151170615.50779830,112685,736.74885000,71275431.80442970,0
1733011200000,96470.41000000,97895.99000000,95750.00000000,97260.01000000,2086.44186000,1733097599999,202184913.16380080,132966,1016.26569000,98497846.67002450,0
1733097600000,97260.01000000,98205.64000000,94411.77000000,95867.60000000,5421.93613000,1733183999999,520200000.07779300,276781,2796.82213000,268383578.13014150,0
1733184000000,95867.61000000,96312.49000000,93588.00000000,95923.13000000,6009.33048000,1733270399999,573133475.65322780,312113,3158.85856000,301318423.25397790,0
1733270400000,95923.13000000,99225.66000000,94537.26000000,98754.22000000,6002.24696000,1733356799999,582115927.71715740,315692,3133.85230000,304160858.42984290,0
1733356800000,98740.11000000,104149.99000000,91500.00000000,97050.01000000,13774.33825000,1733443199999,1386639005.62518620,646912,7117.32198000,716723811.22842210,0
1733443200000,97050.01000000,102100.30000000,96333.00000000,99894.53000000,5265.97168000,1733529599999,522704532.19879900,262643,2579.90004000,255956728.23184270,0
1733529600000,99894.53000000,100579.98000000,99008.00000000,99950.00000000,1857.29813000,1733615999999,185349455.74442020,130948,861.78367000,86002745.01797270,0
1733616000000,99950.00000000,101431.71000000,98722.12000000,101179.62000000,1761.25631000,1733702399999,175967622.01515420,115125,849.18037000,84853506.77270020,0
1733702400000,101180.53000000,101287.98000000,94100.62000000,97319.99000000,5146.39128000,1733788799999,503999593.97151050,318109,2454.51524000,240363104.01920810,0
1733788800000,97319.99000000,98355.00000000,94273.47000000,96660.87000000,5593.68843000,1733875199999,540585959.87349230,320387,2858.20801000,276291982.72401330,0
1733875200000,96658.97000000,101977.37000000,95727.00000000,101195.61000000,3439.44330000,1733961599999,341919314.83289720,221782,1768.08543000,175783529.13286840,0
1733961600000,101211.55000000,102615.90000000,99318.15000000,100028.90000000,3714.09574000,1734047999999,375264572.26487290,209205,1901.24039000,192176879.02685280,0
1734048000000,100028.89000000,101943.60000000,99234.72000000,101440.46000000,2745.59107000,1734134399999,276567198.96568160,151209,1466.15976000,147702596.82142330,0
1734134400000,101440.47000000,102658.00000000,100605.00000000,101399.56000000,1658.45254000,1734220799999,168415271.17184740,102688,801.89482000,81454128.49890170,0
1734220800000,101406.42000000,105200.00000000,101226.01000000,104442.66000000,2238.50824000,1734307199999,230863857.48420750,139931,1170.23445000,120696732.48614800,0
1734307200000,104449.16000000,107831.63000000,103294.52000000,106099.42000000,4370.13190000,1734393599999,461693813.36281320,232718,2186.45951000,230923524.04983610,0
1734393600000,106101.40000000,108363.10000000,105350.00000000,106145.02000000,3131.07392000,1734479999999,334332529.78289630,190446,1592.11438000,170034925.87675320,0
1734480000000,106136.95000000,106519.36000000,99917.30000000,100162.21000000,5065.52784000,1734566399999,522816698.96816780,275470,2390.48539000,246766532.62696010,0
1734566400000,100146.68000000,102753.98000000,95511.00000000,97380.01000000,5726.58400000,1734652799999,566411989.14468710,331153,2646.80164000,262138551.78692520,0
1734652800000,97385.63000000,98138.88000000,92129.00000000,97767.96000000,6001.86590000,1734739199999,574566140.58304800,341959,3001.21394000,287597975.69090250,0
1734739200000,97767.95000000,99511.62000000,96365.97000000,97230.61000000,2548.69604000,1734825599999,249142396.76973550,140469,1263.78363000,123559986.01356350,0
1734825600000,97252.84000000,97479.55000000,94178.61000000,95096.01000000,2623.97533000,1734911999999,251342698.95016130,131475,1219.50173000,116855313.73580560,0
1734912000000,95096.01000000,96435.54000000,92377.77000000,94775.99000000,4489.62668000,1734998399999,423567225.90165050,228247,2317.87269000,218704829.31687960,0
1734998400000,94776.00000000,99421.50000000,93436.01000000,98590.58000000,3839.39040000,1735084799999,370439810.91888340,174413,2041.94552000,196995581.18004520,0
1735084800000,98588.67000000,99489.04000000,97535.27000000,99354.44000000,2508.56417000,1735171199999,247127063.99459600,123415,1293.16530000,127414436.98316200,0
1735171200000,99356.00000000,99879.98000000,95088.99000000,95676.01000000,2872.11892000,1735257599999,277299675.62427730,151274,1401.11883000,135241181.72796950,0
1735257600000,95676.00000000,97388.00000000,93320.54000000,94167.77000000,3483.96492000,1735343999999,331999826.01545090,175900,1694.99884000,161537766.63572840,0
1735344000000,94167.78000000,95563.86000000,94000.00000000,95120.76000000,1333.38074000,1735430399999,126156150.82741420,82875,632.35183000,59833434.80730570,0
1735430400000,95124.01000000,95170.03000000,92831.78000000,93564.00000000,2131.46208000,1735516799999,200327372.63920730,118032,998.62948000,93888487.92439650,0
1735516800000,93564.00000000,94915.26000000,91310.00000000,92628.01000000,4069.84110000,1735603199999,378893735.01280650,192371,2145.36868000,199747228.52516220,0
1735603200000,92624.41000000,96132.00000000,91884.18000000,93390.63000000,2960.95995000,1735689599999,278490886.19711100,146204,1563.82033000,147077744.69172360,0
